天下第一纨绔,第1集,168137,5,顾二的剧情
天下第一纨绔,第1集,74144,0,伤口呢[探究][探究][探究]
天下第一纨绔,第1集,8429,0,大制作啊
天下第一纨绔,第1集,82566,0,这是如烟大婶吧
天下第一纨绔,第1集,207870,0,大哥你一个皇帝进青楼，你好意思说人家纨绔。
天下第一纨绔,第1集,72279,0,有辱如烟大帝之名
天下第一纨绔,第1集,61945,0,还不睡
天下第一纨绔,第1集,71479,0,勾栏
天下第一纨绔,第1集,280469,0,比别人百万雄狮的人都多[捂脸]
天下第一纨绔,第1集,296035,0,三分归元气[笑哭]
天下第一纨绔,第1集,66243,0,柳如烟
天下第一纨绔,第1集,17417,1,背景音乐：双面燕洵
天下第一纨绔,第1集,277373,0,机关枪[赞]
天下第一纨绔,第1集,24334,1,喜剧？
天下第一纨绔,第1集,70858,0,陛下这个习惯挺好，我也喜欢
天下第一纨绔,第1集,32833,0,l
天下第一纨绔,第1集,291212,0,非常合理 东方不败
天下第一纨绔,第1集,54855,0,无处不在的如烟大帝[笑哭][笑哭]
天下第一纨绔,第1集,172994,0,原来有聪明人，知道惯养杀子
天下第一纨绔,第1集,98407,0,如烟大地
天下第一纨绔,第1集,62347,0,如烟大帝
天下第一纨绔,第1集,171526,0,后娘这是捧杀
天下第一纨绔,第1集,63515,0,如烟大帝来了
天下第一纨绔,第1集,19295,0,燕寻燕洵不是掉胡里了吗
天下第一纨绔,第1集,58403,0,这个片子好封建
天下第一纨绔,第1集,159795,0,故意养废了
天下第一纨绔,第1集,140415,0,捧杀
天下第一纨绔,第1集,221071,0,那你呢[笑哭]
天下第一纨绔,第1集,47657,0,清河湾
天下第一纨绔,第1集,66954,0,这剧好看吗
天下第一纨绔,第1集,72746,0,如烟大帝
天下第一纨绔,第1集,200731,0,一个皇帝动不动就怒，不合常理
天下第一纨绔,第1集,65226,0,柳如烟大帝
天下第一纨绔,第1集,170170,0,都在夜场里，老大别说老二，半斤八两啊
天下第一纨绔,第1集,48077,0,这皇帝好像鸠摩智啊
天下第一纨绔,第1集,298754,0,河狸
天下第一纨绔,第1集,270796,3,中原的武林高手呢，哪去了
天下第一纨绔,第1集,290596,0,国服甚平哈哈哈
天下第一纨绔,第1集,72742,0,如烟大帝
天下第一纨绔,第1集,119050,0,喜剧片
天下第一纨绔,第1集,69209,0,果然，如烟就没有丑的[爽]
天下第一纨绔,第1集,253423,0,大制作[爱慕]
天下第一纨绔,第1集,6306,0,纨绔吃喝嫖赌，草菅人命，不就是活阎王吗？
天下第一纨绔,第1集,190777,0,真敢拍啊，皇上一把岁数还逛青楼[笑哭][笑哭]
天下第一纨绔,第1集,260367,0,这有点现代的意思
天下第一纨绔,第1集,71314,0,我现在火气很大[怒]
天下第一纨绔,第1集,119864,2,还是如烟大帝的名字好听，就是太坏了，不知道在这是好还是坏
天下第一纨绔,第1集,22735,0,赏
天下第一纨绔,第1集,64855,0,如烟大帝[捂脸]
天下第一纨绔,第1集,175516,0,堂堂皇帝逛青楼？你后宫呢
天下第一纨绔,第1集,41826,1,路平耶[没看够][没看够]
天下第一纨绔,第1集,1072,0,不好看
天下第一纨绔,第1集,57425,0,如烟大帝真是一代不如一代。[捂脸]
天下第一纨绔,第1集,294786,2,好强的内力
天下第一纨绔,第1集,19656,0,拍的太好！
天下第一纨绔,第1集,67231,0,独女还玩比武招亲？玩完还怕输不起？这啥逻辑啊
天下第一纨绔,第1集,185878,0,皇上不缺女人啊[捂脸]
天下第一纨绔,第1集,65140,0,如烟有点忙
天下第一纨绔,第1集,194878,0,有点像星爷的九品芝麻官[笑哭]
天下第一纨绔,第1集,298551,0,帅[鼓掌][鼓掌]
天下第一纨绔,第1集,66054,0,如烟大帝[捂脸]
天下第一纨绔,第1集,293280,1,这么厉害？如烟大帝会不会打不过啊[捂脸]
天下第一纨绔,第1集,214063,0,太监演得特别好。
天下第一纨绔,第1集,100920,0,苏羽
天下第一纨绔,第1集,162041,0,这就是养废
天下第一纨绔,第1集,116022,4,如烟大帝
天下第一纨绔,第1集,6445,0,好像是丽人行[偷笑]
天下第一纨绔,第1集,39808,1,贾老爷，你这又是穿越到哪来了[捂脸][捂脸]
天下第一纨绔,第1集,297126,1,下功夫了的
天下第一纨绔,第1集,172160,0,你这个皇帝不也来花天酒地[什么]
天下第一纨绔,第1集,9404,0,朦朦胧胧
天下第一纨绔,第1集,82347,0,如烟大帝来了
天下第一纨绔,第1集,62449,0,如烟大帝
天下第一纨绔,第1集,82548,0,如烟大地闪亮登场[捂脸]
天下第一纨绔,第1集,5463,0,楚乔转里面的[送花]
天下第一纨绔,第1集,136515,0,见鬼，皇帝喜欢的女人还敢让她去陪别人？
天下第一纨绔,第1集,25953,0,我怎么发现一个问题，凡是挡上热度超高的啊，什么打火的大爆款，
天下第一纨绔,第1集,288326,0,弹指神功帅啊[捂脸]
天下第一纨绔,第1集,64306,0,如烟大帝
天下第一纨绔,第1集,130103,0,如烟颜值不够
天下第一纨绔,第1集,65366,0,哪哪都有如烟大帝[捂脸]
天下第一纨绔,第1集,74731,0,脸都红了[捂脸]
天下第一纨绔,第1集,100297,0,这个叫跋扈？
天下第一纨绔,第1集,228905,4,确实有你这种皇帝
天下第一纨绔,第1集,65649,0,每一部短剧都有一个如烟
天下第一纨绔,第1集,181817,0,皇上也逛青楼[捂脸][捂脸][捂脸]
天下第一纨绔,第1集,232246,0,和岳父点听一个如烟[捂脸][捂脸]
天下第一纨绔,第1集,243930,0,这个人太有实力了[笑哭]
天下第一纨绔,第1集,6652,0,开局王炸
天下第一纨绔,第1集,1184,0,第二部出来了重回顾下1
天下第一纨绔,第1集,61632,0,如烟大帝
天下第一纨绔,第1集,10829,0,看完二回看
天下第一纨绔,第1集,163336,0,捧杀[吃瓜]
天下第一纨绔,第1集,71068,0,如烟
天下第一纨绔,第1集,159504,0,汉文帝娇纵同母弟刘长（淮南王）故事
天下第一纨绔,第1集,240144,0,鳌拜[笑哭]
天下第一纨绔,第1集,43548,0,有如烟大帝[捂脸]可以可堪大用
天下第一纨绔,第1集,131348,0,皇帝去这种地方，有伤大雅[捂脸][捂脸]
天下第一纨绔,第1集,137563,0,让皇帝小点声？
天下第一纨绔,第1集,125536,0,宣示主权
天下第一纨绔,第1集,79305,0,如烟很一般啊
天下第一纨绔,第1集,185752,0,在青楼抓嫖客
天下第一纨绔,第1集,10555,2,好看
天下第一纨绔,第1集,55014,0,听花岛出品吗？
天下第一纨绔,第1集,10895,0,什么
天下第一纨绔,第1集,135572,0,如烟大帝恐怖如斯
天下第一纨绔,第1集,72744,0,如烟
天下第一纨绔,第1集,60484,0,柳如烟
天下第一纨绔,第1集,36443,0,这个陛下穿得有点寒酸[捂脸]
天下第一纨绔,第1集,237859,0,徐锦江[爱慕][爱慕][爱慕]
天下第一纨绔,第1集,72133,0,柳如烟也是周星驰电影出来的，绝对的梗王
天下第一纨绔,第1集,63047,0,柳如烟又是你[怒]
天下第一纨绔,第1集,29281,0,这剧好看吗
天下第一纨绔,第1集,74528,0,姑娘姓柳吗[笑哭][笑哭]
天下第一纨绔,第1集,245561,0,有活人呀[笑哭]
天下第一纨绔,第1集,297502,1,弹指神通，一阳指
天下第一纨绔,第1集,188403,6,质量挺高啊
天下第一纨绔,第1集,13632,0,刚开始就逛青楼[爱慕][爱慕][爱慕]
天下第一纨绔,第1集,71152,0,如烟大帝，虽迟但到
天下第一纨绔,第1集,68057,0,如烟大帝名烁古今！
天下第一纨绔,第1集,91475,0,如烟大帝又来了
天下第一纨绔,第1集,70078,0,柳如烟？[尬笑]
天下第一纨绔,第1集,131785,0,如烟大帝
天下第一纨绔,第1集,13951,0,不错
天下第一纨绔,第1集,291051,0,这么厉害[尬笑]
天下第一纨绔,第1集,72218,0,如烟大帝
天下第一纨绔,第1集,53236,0,好看吗
天下第一纨绔,第1集,102104,0,看过漫画好像
天下第一纨绔,第1集,57145,2,不赖
天下第一纨绔,第1集,73390,0,如烟大帝
天下第一纨绔,第1集,225617,1,每个蛮子的背后都有一个强大的大炎皇朝！[捂脸][捂脸]
天下第一纨绔,第1集,299566,0,阴阳水[笑哭]
天下第一纨绔,第1集,102761,0,又是星爷的剧情吗
天下第一纨绔,第1集,28635,0,好高分的短剧[捂脸]
天下第一纨绔,第1集,167759,0,苏察哈尔灿[捂脸]
天下第一纨绔,第1集,49793,0,好嘛，又来了。
天下第一纨绔,第1集,174616,3,小秦氏
天下第一纨绔,第1集,76625,0,最早柳如烟出自哪里[送花]
天下第一纨绔,第1集,206483,0,皇帝老儿自己都去青楼了，还说别人
天下第一纨绔,第1集,307578,0,质量三层楼这么高啊
天下第一纨绔,第1集,90724,1,好时髦的词呀买单
天下第一纨绔,第1集,265391,1,张震岳
天下第一纨绔,第1集,120441,0,这不奇门遁甲宋清高吗
天下第一纨绔,第1集,60232,0,如烟大帝到
天下第一纨绔,第1集,63321,0,三千如烟
天下第一纨绔,第1集,169050,0,家父张二河
天下第一纨绔,第1集,217200,0,都来逛青楼，还有时间点评别人。
天下第一纨绔,第1集,298379,0,弹指间飞飞湮灭
天下第一纨绔,第1集,63749,0,如烟大帝[捂脸][捂脸][捂脸][捂脸]
天下第一纨绔,第1集,191239,1,已经穿越了吧
天下第一纨绔,第1集,171726,0,这叫捧杀
天下第一纨绔,第1集,195136,0,气啥[捂脸]
天下第一纨绔,第1集,139978,0,你都来了，不让人家来
天下第一纨绔,第1集,22171,0,卡卡卡
天下第一纨绔,第1集,217831,0,皇帝也逛窑子[偷笑]
天下第一纨绔,第1集,80487,0,基本每个剧都有如烟姑娘
天下第一纨绔,第1集,4349,0,逍遥派掌门人
天下第一纨绔,第1集,68629,0,柳如烟[笑哭][笑哭][笑哭][笑哭]
天下第一纨绔,第1集,294007,0,就是看了这特效才来的
天下第一纨绔,第1集,157973,0,这不妥妥捧杀吗
天下第一纨绔,第1集,15285,0,真好看，7刷了
天下第一纨绔,第1集,86133,0,如烟大帝
天下第一纨绔,第1集,58468,0,规矩不是你这个皇帝随便定？难道还要看蛮夷的脸色？
天下第一纨绔,第1集,240715,0,不知道
天下第一纨绔,第1集,64932,0,这是最那个啥的如烟女帝了
天下第一纨绔,第1集,61321,0,出了第二季，回来再看看第一季
天下第一纨绔,第1集,130141,0,合理[奸笑]
天下第一纨绔,第1集,172955,0,短剧天花板二刷
天下第一纨绔,第1集,77028,0,如烟这名字是青楼第一花魁啊[捂脸]
天下第一纨绔,第1集,92811,0,哎呦我去居然是如烟大帝[震惊]
天下第一纨绔,第1集,169062,0,每个人的眼睛圆溜溜的
天下第一纨绔,第1集,61805,0,如煙大帝[笑哭]
天下第一纨绔,第1集,296803,0,这水弹可以[捂脸][笑哭]
天下第一纨绔,第1集,27118,0,陛下逛青楼
天下第一纨绔,第1集,292735,0,神剧
天下第一纨绔,第1集,89944,0,武状元苏乞儿
天下第一纨绔,第1集,62154,2,如烟大帝又来了[赞]
天下第一纨绔,第1集,137088,0,如烟大帝，纵横短视频[捂脸][捂脸][捂脸]
天下第一纨绔,第1集,207319,0,你自己都逛青楼有资格说别人[捂脸]
天下第一纨绔,第1集,0,19,双面燕洵，楚乔传啊[鼓掌]
天下第一纨绔,第1集,59198,0,柳如烟，如烟大帝[笑哭][笑哭][笑哭]皇帝爱慕的如烟
天下第一纨绔,第1集,11097,0,开局就王炸？
天下第一纨绔,第1集,123183,0,来找我
天下第一纨绔,第1集,70474,0,抽风了吧？皇帝会去妓院？后宫佳丽三千还不够吗？
天下第一纨绔,第1集,266196,0,大制作啊，这么多群演
天下第一纨绔,第1集,204973,0,皇帝逛青楼，还要求别人
天下第一纨绔,第1集,68966,0,如烟大帝
天下第一纨绔,第1集,247504,14,这一集挺长
天下第一纨绔,第1集,289245,0,合理
天下第一纨绔,第1集,59112,0,吕树霞
天下第一纨绔,第1集,60456,0,人间再无沈幼楚
天下第一纨绔,第1集,60737,0,如烟大帝恐怖如斯
天下第一纨绔,第1集,68910,0,如烟大帝
天下第一纨绔,第1集,295789,0,合理
天下第一纨绔,第1集,227038,0,大房特意养废他的
天下第一纨绔,第1集,254435,4,夜黑风高
天下第一纨绔,第1集,50975,0,多生几个不完了吗？
天下第一纨绔,第1集,301920,1,帅啊
天下第一纨绔,第1集,35074,0,搞笑[笑哭]
天下第一纨绔,第1集,62100,0,是不是叫柳如烟
天下第一纨绔,第1集,63633,0,如烟大帝
天下第一纨绔,第1集,227291,0,皇帝逛青楼好意思说别人[笑哭]
天下第一纨绔,第1集,188943,0,你自己都在青楼还抓人
天下第一纨绔,第1集,70991,0,现在短剧越来越好好了
天下第一纨绔,第1集,201298,0,这皇帝也逛窑子也是可以
天下第一纨绔,第1集,68351,0,如烟大帝
天下第一纨绔,第1集,59872,0,哈哈如烟大帝[笑哭]
天下第一纨绔,第1集,129737,1,大户人家啊
天下第一纨绔,第1集,204937,0,自己来青楼
天下第一纨绔,第1集,74502,0,如烟大帝？[什么]
天下第一纨绔,第1集,72271,2,如烟大帝
天下第一纨绔,第1集,64098,0,如烟大帝
天下第一纨绔,第1集,252409,0,演员挺多啊
天下第一纨绔,第1集,48241,0,独女你比武招什么亲，结婚方案都不审的吗？没有预案吗？
天下第一纨绔,第1集,66581,0,你一个皇帝，心烦气躁去喝花酒
天下第一纨绔,第1集,162810,0,镇北侯家多纨绔[捂脸]
天下第一纨绔,第1集,201396,0,苏乞儿
天下第一纨绔,第1集,62528,0,睡觉了
天下第一纨绔,第1集,8952,0,这部好看吗？
天下第一纨绔,第1集,135066,0,贾乃亮[什么]长得好像……
天下第一纨绔,第1集,71014,0,是不是柳如烟[笑哭]
天下第一纨绔,第1集,201989,0,皇上还用得去青楼[捂脸]？
天下第一纨绔,第1集,257259,0,大炎？？林动？？
天下第一纨绔,第1集,171553,0,捧杀
天下第一纨绔,第1集,288569,0,弹指神功
天下第一纨绔,第1集,297268,0,[奸笑]渡劫大能
天下第一纨绔,第1集,9108,0,今日无事，勾栏听曲
天下第一纨绔,第1集,154324,0,捧杀
天下第一纨绔,第1集,94063,0,姓不姓柳
天下第一纨绔,第1集,32299,0,这剧好看吗
天下第一纨绔,第1集,295994,0,六脉神剑
天下第一纨绔,第1集,70653,0,如烟大帝
天下第一纨绔,第1集,198982,0,陛下都去青楼了还说别人
天下第一纨绔,第1集,81981,0,好看吗
天下第一纨绔,第1集,91132,0,柳如烟
天下第一纨绔,第1集,33451,1,这个太监演技太好了，正规剧也不一定能比他好
天下第一纨绔,第1集,60512,0,如烟大帝 恐怖如斯[捂脸]
天下第一纨绔,第1集,75618,0,[捂脸][捂脸][捂脸][捂脸][捂脸]太监这么可爱
天下第一纨绔,第1集,45223,1,好看吗？
天下第一纨绔,第1集,260159,0,新疆人吗
天下第一纨绔,第1集,77014,0,昏君
天下第一纨绔,第1集,60477,0,如烟大帝
天下第一纨绔,第1集,209349,0,自己在这干嘛[捂脸]
天下第一纨绔,第1集,9423,0,这么好的传统咋没传下来[捂脸]
天下第一纨绔,第1集,72489,0,如烟大帝
天下第一纨绔,第1集,93770,0,陛下也去济源
天下第一纨绔,第1集,132268,0,男主知道这个是皇帝 一切在于他的计划之中
天下第一纨绔,第1集,8966,0,第二部开始了，第一部忘记了，[捂脸][捂脸][捂脸]重刷一遍
天下第一纨绔,第1集,80853,0,铁打的如烟，流水的主角[捂脸]
天下第一纨绔,第1集,168899,0,我也喜欢这么多美女围着
天下第一纨绔,第1集,68764,0,如烟大帝
天下第一纨绔,第1集,21788,0,秦武是田松吗
天下第一纨绔,第1集,11367,0,终于找到了[偷笑][鼓掌][鼓掌]
天下第一纨绔,第1集,145802,0,全场消费本公子买单
天下第一纨绔,第1集,295479,0,三分归元气
天下第一纨绔,第1集,248434,0,这一段。演得和现在差不多。[捂脸]
天下第一纨绔,第1集,2103,0,看完2后再来复习一下
天下第一纨绔,第1集,79552,0,还得是如烟大帝[偷笑]
天下第一纨绔,第1集,194776,0,你可以来耍，人家就不准了[捂脸]
天下第一纨绔,第1集,17151,2,好不好看，搞不搞笑
天下第一纨绔,第1集,294598,0,渡劫期[赞]
天下第一纨绔,第1集,287680,0,弹指神功[捂脸]
天下第一纨绔,第1集,60002,0,如烟大帝
天下第一纨绔,第1集,142324,0,比亲儿子还好？
天下第一纨绔,第1集,77447,2,如烟大帝！
天下第一纨绔,第1集,254994,0,老外[偷笑]
天下第一纨绔,第1集,220370,0,昏君[笑哭]
天下第一纨绔,第1集,86442,0,如烟大帝
天下第一纨绔,第1集,44909,0,太监双眼皮好看[笑哭]
天下第一纨绔,第1集,236250,0,豹子头
天下第一纨绔,第1集,135405,0,这可是皇帝啊
天下第一纨绔,第1集,299523,0,大制作
天下第一纨绔,第1集,71101,0,如烟大帝
天下第一纨绔,第1集,64799,0,如烟大帝 哪里都有你
天下第一纨绔,第1集,79081,0,赵土豪
天下第一纨绔,第1集,275680,0,一集几分钟啊
天下第一纨绔,第1集,128959,0,同道中人？
天下第一纨绔,第1集,9556,0,大制作
天下第一纨绔,第1集,286637,0,哇塞！！！！
天下第一纨绔,第1集,7888,0,喜欢的嘉禾一方入耳&也有点
天下第一纨绔,第1集,211190,0,五十步笑百步[捂脸]
天下第一纨绔,第1集,89728,0,不好意思她姓江
天下第一纨绔,第1集,64196,0,如烟 短剧里的大大主角
天下第一纨绔,第1集,72163,0,如烟姑娘性柳否
天下第一纨绔,第1集,216858,0,渣道万古如长夜
天下第一纨绔,第1集,93113,0,台词都不错
天下第一纨绔,第1集,67344,0,制作精良[赞]
天下第一纨绔,第1集,23162,2,大制作，群演很多。
天下第一纨绔,第1集,57395,0,鸠摩智
天下第一纨绔,第1集,10668,0,好不好看
天下第一纨绔,第1集,77488,0,如烟大帝无处不在[捂脸][捂脸]
天下第一纨绔,第1集,295746,0,生死符
天下第一纨绔,第1集,79230,0,剧剧有如烟处处存大帝
天下第一纨绔,第1集,169558,0,[尬笑]皇上自己也来了，不丢脸吗？[尬笑]
天下第一纨绔,第1集,72807,0,如烟大帝无处不在[捂脸]
天下第一纨绔,第1集,71092,0,如烟大帝
天下第一纨绔,第1集,295393,0,不是
天下第一纨绔,第1集,131627,0,皇帝去青楼？
天下第一纨绔,第1集,258722,0,中短剧
天下第一纨绔,第1集,216023,0,是皇帝这么老了。还逛青楼。也不是什么好玩意。
天下第一纨绔,第1集,66671,0,如烟大帝
天下第一纨绔,第1集,78308,0,放肆[震惊][震惊][震惊]
天下第一纨绔,第1集,54696,0,这新剧热度挺高啊[爱慕]
天下第一纨绔,第1集,184789,0,被捧杀
天下第一纨绔,第1集,7951,0,有那么好看吗？
天下第一纨绔,第1集,75255,0,如烟必定姓柳[捂脸][捂脸][捂脸][捂脸]
天下第一纨绔,第1集,99107,5,苏察哈尔灿
天下第一纨绔,第1集,239695,0,这剧时间有点长
天下第一纨绔,第1集,12475,1,还可以吧
天下第一纨绔,第1集,9775,0,L雯雯我想你
天下第一纨绔,第1集,247769,0,直接噶了
天下第一纨绔,第1集,138967,0,镇北侯儿子不认识皇上[捂脸]
天下第一纨绔,第1集,67773,7,万能柳如烟[捂脸]
天下第一纨绔,第1集,279146,0,这是纨绔苏羽出手了
天下第一纨绔,第1集,85939,0,短剧万能第一反派女 如烟大帝
天下第一纨绔,第1集,75744,0,[捂脸][捂脸][捂脸]又是如烟…
天下第一纨绔,第1集,204599,0,藏拙
天下第一纨绔,第1集,163038,0,如烟大帝
天下第一纨绔,第1集,96525,0,这就跋扈了？
天下第一纨绔,第1集,11579,0,这局美女多吗
天下第一纨绔,第1集,190336,0,皇帝自己逛青楼，看不惯别人逛青楼[笑哭][笑哭][笑哭]
天下第一纨绔,第1集,187988,0,皇帝逛青楼？
天下第一纨绔,第1集,288122,0,玄幻？[捂脸]
天下第一纨绔,第1集,162889,0,又一个捧杀？
天下第一纨绔,第1集,62989,0,如烟大帝下凡历劫来了？
天下第一纨绔,第1集,17240,0,重复刷七十三遍。
天下第一纨绔,第1集,125784,0,苏查哈尔灿
天下第一纨绔,第1集,216404,0,陛下只是丢女儿，怎么能把如烟让给别人啊[笑哭]
天下第一纨绔,第1集,297777,5,弹指神通
天下第一纨绔,第1集,254568,0,皇帝就在这[捂脸][捂脸][捂脸]
天下第一纨绔,第1集,241863,0,报警[奸笑]
天下第一纨绔,第1集,285545,0,男主出现了
天下第一纨绔,第1集,83580,0,万能柳如烟
天下第一纨绔,第1集,293220,0,合理
天下第一纨绔,第1集,73127,0,哪里都是柳如烟[捂脸]
天下第一纨绔,第1集,276480,2,李逵
天下第一纨绔,第1集,98782,0,这也叫跋扈？
天下第一纨绔,第1集,72086,0,贤者时刻[笑哭]
天下第一纨绔,第1集,29588,0,刘季一万钱
天下第一纨绔,第1集,73556,0,如烟大帝[笑哭][笑哭]
天下第一纨绔,第1集,257150,0,苏羽呢？[捂脸]
天下第一纨绔,第1集,50710,0,我来打
天下第一纨绔,第1集,122135,7,有点像乔振宇
天下第一纨绔,第1集,35613,0,好看吗
天下第一纨绔,第1集,173005,0,皇帝在怡红院说百姓丢脸？
天下第一纨绔,第1集,248592,1,这剧组挺有钱呐，请了那么多群演[偷笑]
天下第一纨绔,第1集,224628,0,你都去青楼，不让别人去？[笑哭]
天下第一纨绔,第1集,47375,0,有没有伤口
天下第一纨绔,第1集,174929,0,皇帝也逛青楼[捂脸]
天下第一纨绔,第1集,73965,0,片刻，算起来
天下第一纨绔,第1集,303629,1,寒冰掌
天下第一纨绔,第1集,44102,0,这个几个版本啊？
天下第一纨绔,第1集,79289,0,如烟大帝[捂脸][捂脸][捂脸]
天下第一纨绔,第1集,77158,0,大帝不修仙了[捂脸]
天下第一纨绔,第1集,305763,0,渡劫期了
天下第一纨绔,第1集,63697,0,姓柳吗？如烟大帝。
天下第一纨绔,第1集,90742,0,全场消费当然是由我赵公子买单[微笑]
天下第一纨绔,第1集,23864,0,出二了，不回来看实在记不住[捂脸][捂脸][捂脸]
天下第一纨绔,第1集,203977,1,这太监几场都演太监，演技很好[赞][赞][赞]
天下第一纨绔,第1集,72646,0,如烟大帝来了
天下第一纨绔,第1集,67929,0,如烟大帝恐怖如斯
天下第一纨绔,第1集,58557,0,如烟大帝
天下第一纨绔,第1集,72501,0,如烟大帝 恐怖如斯
天下第一纨绔,第1集,72112,0,如烟大帝，恐怖如斯
天下第一纨绔,第1集,9398,0,廖妹玉我想你了
天下第一纨绔,第1集,12824,0,好看吗[送花]
天下第一纨绔,第1集,297349,0,合理
天下第一纨绔,第1集,120453,0,如烟大帝[偷笑][偷笑][偷笑]
天下第一纨绔,第1集,271907,1,这不是断腿公子的弹指神通
天下第一纨绔,第1集,90272,0,如烟，到处都是
天下第一纨绔,第1集,115132,0,如烟大神来了
天下第一纨绔,第1集,77073,0,如烟不大呀
天下第一纨绔,第1集,226150,0,[捂脸]自己都在逛青楼，还有脸说别人
天下第一纨绔,第1集,14701,0,看第二部的时候，忘了第一部剧情了。回来重温一下[撇嘴]
天下第一纨绔,第1集,120856,0,如烟大帝
天下第一纨绔,第1集,119752,0,柳如烟大帝
天下第一纨绔,第1集,294697,0,纨绔可不一定是真的纨绔哦
天下第一纨绔,第1集,108442,0,不要弹出来
天下第一纨绔,第1集,76470,0,如烟大帝[送花][送花]
天下第一纨绔,第1集,131689,0,同道中人
天下第一纨绔,第1集,29014,0,大制作啊
天下第一纨绔,第1集,70807,0,如烟大帝
天下第一纨绔,第1集,200475,0,自己都来青楼
天下第一纨绔,第1集,135330,0,还有定北侯
天下第一纨绔,第1集,61178,0,大帝驾到
天下第一纨绔,第1集,178255,1,这个是穿越剧吗？
天下第一纨绔,第1集,48331,0,这皇帝什么衣服
天下第一纨绔,第1集,68636,0,老家伙[捂脸][捂脸][捂脸]
天下第一纨绔,第1集,176244,0,自己也一样啊[捂脸]
天下第一纨绔,第1集,5543,3,不错[鼓掌]
天下第一纨绔,第1集,276178,9,质量高的像电视剧。
天下第一纨绔,第1集,69926,0,怎么又是如烟
天下第一纨绔,第1集,76137,0,如姻大帝
天下第一纨绔,第1集,180092,0,皇帝都去青楼，还啥脸面
天下第一纨绔,第1集,70716,0,说变就变了[笑哭][笑哭][笑哭]
天下第一纨绔,第1集,63618,0,如烟大帝，
天下第一纨绔,第1集,69901,0,如烟都烂市了[捂脸][捂脸][捂脸]
天下第一纨绔,第1集,60761,0,大家欢迎如烟大帝
天下第一纨绔,第1集,71022,0,皇帝炒鸡
天下第一纨绔,第1集,71109,0,如烟大帝
天下第一纨绔,第1集,275509,7,这是我看过群演最多的一部剧[捂脸]
天下第一纨绔,第1集,7274,0,为了看第二季回来看第一季的
天下第一纨绔,第1集,21950,0,好看[送花]
天下第一纨绔,第1集,189036,0,藏拙[偷笑]
天下第一纨绔,第1集,265545,0,光天化日，意为明目张胆
天下第一纨绔,第1集,23384,0,被介绍来的 好看吗？
天下第一纨绔,第1集,1591,0,第二部来了忘了重刷一下
天下第一纨绔,第1集,135558,0,这二公子深藏不露，武林高手
天下第一纨绔,第1集,200337,3,这一集挺长的啊
天下第一纨绔,第1集,228293,0,这一集的时长有好
天下第一纨绔,第1集,71167,2,柳如烟吗？
天下第一纨绔,第1集,9658,1,有没有第二季出来却忘了第一季然后回来速刷回忆的～[捂脸]
天下第一纨绔,第1集,203832,0,后宫佳丽三千还不够吗。还要来青楼，[捂脸][捂脸][捂脸]
天下第一纨绔,第1集,273173,0,请树立正确价值观
天下第一纨绔,第1集,200651,0,大肚子大叔吃小狼狗八块腹肌的醋
天下第一纨绔,第1集,17516,0,李硕墨？
天下第一纨绔,第1集,288292,15,这个特效可以
天下第一纨绔,第1集,210809,0,不是，你老小子来干嘛的？
天下第一纨绔,第1集,73619,0,柳如烟[笑哭][笑哭]我已经看了好几个片子都有这名字
天下第一纨绔,第1集,2011,0,大制作[鼓掌][鼓掌][鼓掌]
天下第一纨绔,第1集,299262,0,厉害
天下第一纨绔,第1集,179608,0,皇上还逛青楼啊[偷笑]
天下第一纨绔,第1集,68943,0,果然是如烟大帝
天下第一纨绔,第1集,55757,0,大炎公司CEO
天下第一纨绔,第1集,266201,0,农耕的打不过放牧的[笑哭]
天下第一纨绔,第1集,176357,0,你自己都来青楼，还说丢脸[捂脸]
天下第一纨绔,第1集,291166,0,哇
天下第一纨绔,第1集,200019,0,他是你女婿
天下第一纨绔,第1集,82777,0,果然有如烟大帝[笑哭]
天下第一纨绔,第1集,214503,0,这皇上也逛窑子[赞]
天下第一纨绔,第1集,172831,0,你身为皇帝来这里[捂脸]好像最丢脸的是你自己吧[捂脸]
天下第一纨绔,第1集,156342,0,捧杀呀
天下第一纨绔,第1集,51154,0,看到有第二部我就放心了
天下第一纨绔,第1集,34344,0,这个好像庆余年里面的大宝
天下第一纨绔,第1集,52020,0,皇上穿成这样[笑][笑][笑]
天下第一纨绔,第1集,152915,0,身为皇帝带头去嫖娼？[捂脸]
天下第一纨绔,第1集,51422,0,女帝？
天下第一纨绔,第1集,264804,0,为这个弹指来的。
天下第一纨绔,第1集,260961,0,放开她～啊放开我～[捂脸]
天下第一纨绔,第1集,73337,0,如烟大帝来了
天下第一纨绔,第1集,207348,0,上梁不正下梁歪，打铁还须自身硬
天下第一纨绔,第1集,38809,0,这皇帝没有一点气势
天下第一纨绔,第1集,24819,0,配不上了吧啦
天下第一纨绔,第1集,141462,0,如烟大帝
天下第一纨绔,第1集,64355,0,如烟大帝[偷笑]
天下第一纨绔,第1集,67296,0,如烟大帝
天下第一纨绔,第1集,75719,0,他的白月光去哪？
天下第一纨绔,第1集,8112,0,为啥开局都是溢香园
天下第一纨绔,第1集,217787,2,还不错
天下第一纨绔,第1集,53820,0,哈哈我来了
天下第一纨绔,第1集,308817,0,滴水成兵
天下第一纨绔,第1集,16184,0,这个杯子在屏幕前崩裂[鼓掌]
天下第一纨绔,第1集,115528,0,如煙必姓柳[捂脸]
天下第一纨绔,第1集,264908,0,了2回来复习了
天下第一纨绔,第1集,175784,1,嫡母这招捧杀狠毒！
天下第一纨绔,第1集,46191,0,鸠摩智[思考][什么]
天下第一纨绔,第1集,189325,0,居然不是穿越剧
天下第一纨绔,第1集,120604,0,皇上这么明目张胆
天下第一纨绔,第1集,15864,0,刷了十遍了，很好看
天下第一纨绔,第1集,20973,0,我来了
天下第一纨绔,第1集,60104,0,一点都没有还原小说啊
天下第一纨绔,第1集,124504,2,苏察哈尔羽[偷笑]
天下第一纨绔,第1集,295005,0,生死符
天下第一纨绔,第1集,44722,0,这错误都能犯
天下第一纨绔,第1集,11432,0,这怡红院好多人[爱慕]
天下第一纨绔,第1集,53986,0,女帝啊？
天下第一纨绔,第1集,38423,1,不愧是新剧
天下第一纨绔,第1集,79069,0,好
天下第一纨绔,第1集,210934,0,皇帝自己都逛窑子，还说别人[捂脸]
天下第一纨绔,第1集,170348,0,苏乞儿剧情？
天下第一纨绔,第1集,123855,0,我儿有大帝之资
天下第一纨绔,第1集,63416,0,如烟大帝？
天下第一纨绔,第1集,59940,0,铁打的如烟，流水的主角[捂脸]
天下第一纨绔,第1集,69216,0,十部剧有九部都有如烟大帝啊
天下第一纨绔,第1集,293034,0,就喜欢看吹牛皮的[捂脸]
天下第一纨绔,第1集,69068,0,如烟大帝[捂脸]
天下第一纨绔,第1集,81285,0,逗比哈哈笑死我了
天下第一纨绔,第1集,49700,0,好看[送花][爱慕]
天下第一纨绔,第1集,91384,0,我嘞个赵泰
天下第一纨绔,第1集,40771,0,重温一遍再看2[没看够]
天下第一纨绔,第1集,188835,0,玉佩重点
天下第一纨绔,第1集,3709,0,不好看
天下第一纨绔,第1集,175606,0,这又不是穿越剧
天下第一纨绔,第1集,267620,0,大制作
天下第一纨绔,第1集,84105,0,如烟大帝
天下第一纨绔,第1集,94856,0,本公子帅死了
天下第一纨绔,第1集,70658,0,如烟大帝
天下第一纨绔,第1集,293093,0,帅
天下第一纨绔,第1集,281174,0,河里
天下第一纨绔,第1集,137482,0,这大小眼哈哈哈
天下第一纨绔,第1集,210544,1,这一集确实挺长
天下第一纨绔,第1集,61836,0,如烟大帝，网剧女王
天下第一纨绔,第1集,161293,0,难道是传说中的捧杀？
天下第一纨绔,第1集,69926,0,我说能不能改改名字怎么都叫如烟
天下第一纨绔,第1集,205831,0,细节好
天下第一纨绔,第1集,267072,0,合理，至少不是空气弹
天下第一纨绔,第1集,297901,0,有点东西
天下第一纨绔,第1集,10110,1,好活，当赏
天下第一纨绔,第1集,48791,0,制作精良[赞][赞][赞][赞][赞]
天下第一纨绔,第1集,72760,0,如烟大帝
天下第一纨绔,第1集,58648,0,黄帝阴符经
天下第一纨绔,第1集,202409,1,北凉世子
天下第一纨绔,第1集,298880,0,下手很帅
天下第一纨绔,第1集,153342,0,大夫人捧杀，要养废他
天下第一纨绔,第1集,69907,0,如烟是短视频的必备品[捂脸][捂脸][捂脸]
天下第一纨绔,第1集,89354,0,这时就知道“买单”了[偷笑]
天下第一纨绔,第1集,86894,0,皇帝也去嫖娼？
天下第一纨绔,第1集,72629,0,片刻嘛
天下第一纨绔,第1集,46418,3,都是原声…不错
天下第一纨绔,第1集,9972,0,大制作
天下第一纨绔,第1集,86403,0,往事如烟，才成就了如烟大帝，无处不在[鼓掌]
天下第一纨绔,第1集,65488,0,合理
天下第一纨绔,第1集,2471,2,楚乔传音乐
天下第一纨绔,第1集,41777,0,那不是大宝吗？
天下第一纨绔,第1集,57673,0,我的如烟太漂亮了[捂脸][捂脸][捂脸]
天下第一纨绔,第1集,63666,0,肯定有那么一两集好看[捂脸]
天下第一纨绔,第1集,33292,0,如烟大帝来了[捂脸][笑哭]
天下第一纨绔,第1集,151476,0,跟皇帝说小点声
天下第一纨绔,第1集,249533,0,这么多群演，这个排场错，剧组有东西[探究]
天下第一纨绔,第1集,35290,0,有点长剧的感觉而且还有长剧演员[赞][赞][赞]
天下第一纨绔,第1集,0,0,所以政审很重要[捂脸]
天下第一纨绔,第1集,95801,3,苏乞儿来了
天下第一纨绔,第1集,213092,0,说别人呢，你不也来青楼了
天下第一纨绔,第1集,9738,1,美女都是漂亮的，有意思
天下第一纨绔,第1集,289359,0,妈呀，浅水炸弹[笑哭]
天下第一纨绔,第1集,9064,2,这剧好看吗
天下第一纨绔,第1集,73748,0,如烟大帝
天下第一纨绔,第1集,82820,0,如烟是我的[偷笑][偷笑][偷笑]
天下第一纨绔,第1集,60693,0,阿弥勒个如烟大帝，又来渡劫了
天下第一纨绔,第1集,14786,0,这剧咋样？
天下第一纨绔,第1集,34395,0,美美哒
天下第一纨绔,第1集,79839,0,[捂脸][捂脸]这胖太监
天下第一纨绔,第1集,7879,0,这地方我去过[捂脸]
天下第一纨绔,第1集,134043,0,再见如烟
天下第一纨绔,第1集,169827,0,都是逛青楼，你倒是清高[捂脸]
天下第一纨绔,第1集,67531,6,柳如烟
天下第一纨绔,第1集,151011,0,为啥呢
天下第一纨绔,第1集,60430,0,如烟大帝驾临，大家惊呼
天下第一纨绔,第1集,71297,0,大帝就是厉害
天下第一纨绔,第1集,82457,0,还得是柳如烟啊
天下第一纨绔,第1集,108136,0,少爷
天下第一纨绔,第1集,83336,0,如烟大帝
天下第一纨绔,第1集,209037,0,你怎么不练武来青楼呢？
天下第一纨绔,第1集,256286,0,黄天化日？这不是晚安么
天下第一纨绔,第1集,160556,3,顾廷烨和小秦氏
天下第一纨绔,第1集,102991,1,流水的主角，铁打的如烟
天下第一纨绔,第1集,30357,0,陛下，你穿的啥
天下第一纨绔,第1集,290060,3,这才叫高手
天下第一纨绔,第1集,697,3,回评:和离 太棒了
天下第一纨绔,第1集,73999,0,王鸥？[爱慕][爱慕][爱慕]
天下第一纨绔,第1集,179173,0,这皇上说话秦味很浓啊
天下第一纨绔,第1集,67348,0,如烟大帝？
天下第一纨绔,第1集,74090,0,这不是柱子吗？
天下第一纨绔,第1集,43217,1,都是老演员
天下第一纨绔,第1集,68459,0,如烟大帝
天下第一纨绔,第1集,84662,0,短剧处处是如烟[捂脸]
天下第一纨绔,第1集,170216,0,捧杀
天下第一纨绔,第1集,36044,2,大宝？
天下第一纨绔,第1集,75778,0,确定了！就是柳如烟[笑哭]
天下第一纨绔,第1集,171794,0,人家咋把你的脸丢尽了？自己来这干啥呢？[笑哭]
天下第一纨绔,第1集,46106,0,仲大师兄
天下第一纨绔,第1集,44441,0,演技平平
天下第一纨绔,第1集,260089,0,皇帝后宫佳丽都看不上吗，还要来这种地方[笑哭][笑哭]
天下第一纨绔,第1集,156998,0,捧杀
天下第一纨绔,第1集,220652,1,像明兰的四姐夫
天下第一纨绔,第1集,240452,0,外国友人也是这样的[笑哭]
天下第一纨绔,第1集,125465,0,红果改名如烟算了
天下第一纨绔,第1集,82393,0,有是如烟大帝
天下第一纨绔,第1集,207311,0,你皇帝，你去青楼，你不纨绔？
天下第一纨绔,第1集,260308,0,合理，滴水成功
天下第一纨绔,第1集,75785,0,这是一部优秀的电视剧直得点赞[送花][送花][送花][送花]
天下第一纨绔,第1集,66359,0,如烟大帝[捂脸]
天下第一纨绔,第1集,266687,1,敢叫天下第一 肯定不差钱
天下第一纨绔,第1集,45005,0,好看
天下第一纨绔,第1集,144103,0,这剧有意思
天下第一纨绔,第1集,75046,0,如烟大帝
天下第一纨绔,第1集,40454,0,好
天下第一纨绔,第1集,174853,0,这是捧杀
天下第一纨绔,第1集,199672,0,龙体？
天下第一纨绔,第1集,95503,0,我家宠物狗也叫如烟
天下第一纨绔,第1集,259850,0,大晚上的光天化日[捂脸]
天下第一纨绔,第1集,81973,0,皇帝也来这种地方？
天下第一纨绔,第1集,59031,0,有点像鸠摩智[捂脸]
天下第一纨绔,第1集,51452,0,消费不起[捂脸][捂脸][捂脸][捂脸]
天下第一纨绔,第1集,63441,0,如烟大帝[捂脸]
天下第一纨绔,第1集,293988,0,牛牛牛
天下第一纨绔,第1集,292341,0,水波蛋[笑哭]
天下第一纨绔,第1集,75547,0,万物皆可柳如烟[笑哭][笑哭][笑哭]
天下第一纨绔,第1集,198580,0,这个陛下也是，自己逛青楼就行，人家逛青楼就是纨绔[捂脸]
天下第一纨绔,第1集,56169,0,好看
天下第一纨绔,第1集,10859,0,好看不
天下第一纨绔,第1集,180665,2,皇帝？
天下第一纨绔,第1集,73587,3,柳如烟出场
天下第一纨绔,第1集,176589,0,陛下 没丢皇室的脸[捂脸]
天下第一纨绔,第1集,201734,0,这是火系大师兄啊
天下第一纨绔,第1集,223489,0,在青楼里找青年才俊是吧[捂脸]
天下第一纨绔,第1集,60341,0,万能如烟
天下第一纨绔,第1集,14121,0,这剧好看吗
天下第一纨绔,第1集,73813,0,如烟姑娘是不是姓柳？[送花][爱慕][爱慕]
天下第一纨绔,第1集,300914,0,藏拙
天下第一纨绔,第1集,293050,0,牛人啊[鼓掌][鼓掌]
天下第一纨绔,第1集,94959,0,好低调的员外郎
天下第一纨绔,第1集,265742,0,大制作
天下第一纨绔,第1集,104732,0,？？？？？？？？？
天下第一纨绔,第1集,168710,0,你和人家半斤八两，哪来的脸说这话
天下第一纨绔,第1集,65396,0,如烟大帝
天下第一纨绔,第1集,45722,0,孩子，你叫我小名干嘛？我就叫大宝
天下第一纨绔,第1集,60830,0,客人到[笑哭][笑哭][笑哭][笑哭]
天下第一纨绔,第1集,49924,0,这个剧比穿越和霸道总裁好看
天下第一纨绔,第1集,80381,0,如烟大帝
天下第一纨绔,第1集,292096,0,天山童姥出手了
天下第一纨绔,第1集,135091,0,跟皇上是同道中人[捂脸]
天下第一纨绔,第1集,110125,0,如火
天下第一纨绔,第1集,60757,1,是原聲嗎？
天下第一纨绔,第1集,8052,0,又是经典青楼开局？[捂脸]
天下第一纨绔,第1集,299094,0,大制作啊
天下第一纨绔,第1集,71375,0,如烟大帝
天下第一纨绔,第1集,139415,0,皇帝迷恋青楼女子[捂脸]
天下第一纨绔,第1集,69029,0,这是王鸥？
天下第一纨绔,第1集,115807,0,这些女人比AI的差多了
天下第一纨绔,第1集,141491,0,同道中人
天下第一纨绔,第1集,35872,0,秦五爷？
天下第一纨绔,第1集,114798,0,柳如烟呐[偷笑]
天下第一纨绔,第1集,20270,0,李白要来了
天下第一纨绔,第1集,138756,0,同道中人啊[探究]
天下第一纨绔,第1集,287333,0,哇！帅！
天下第一纨绔,第1集,173538,0,你不也是在青楼吗
天下第一纨绔,第1集,7236,1,一看就是大制作啊
天下第一纨绔,第1集,71826,0,大帝分身[捂脸]
天下第一纨绔,第1集,76398,0,皇帝想娶谁还怕是什么出身？身份是包装出来的！
天下第一纨绔,第1集,73395,0,九品芝麻官
天下第一纨绔,第1集,69564,0,柳如烟到此一游
天下第一纨绔,第1集,100110,0,苏察哈尔灿啊[笑哭]
天下第一纨绔,第1集,59861,0,如烟大帝来了[笑][笑][笑][笑]
天下第一纨绔,第1集,17599,1,出第2部了，回来复习一下第1部[尬笑]
天下第一纨绔,第1集,76948,0,哈哈哈哈哈[笑哭][笑哭][笑哭][笑哭]
天下第一纨绔,第1集,17969,0,啊啊啊啊，是张老师新剧
天下第一纨绔,第1集,158255,0,不养废了怎么让亲儿子上位
天下第一纨绔,第1集,287512,0,为何是阻止而不是教训？[捂脸]
天下第一纨绔,第1集,12931,0,好看吗？
天下第一纨绔,第1集,583,0,圣旨都读错了[捂脸]
天下第一纨绔,第1集,113871,0,王思聪表示不服，我才是第一败家子
天下第一纨绔,第1集,290306,0,质量很高啊
天下第一纨绔,第1集,255676,0,欺人太甚，放开她！啊？放开我[捂脸]
天下第一纨绔,第1集,76223,0,如烟大帝[捂脸]
天下第一纨绔,第1集,61095,0,柳如烟？
天下第一纨绔,第1集,7598,0,音乐好评
天下第一纨绔,第1集,99852,0,如烟大帝
天下第一纨绔,第1集,289503,0,水珠这么厉害，赶上子弹了
天下第一纨绔,第1集,266916,0,皇帝女儿比武招亲，没有观众怎么行
天下第一纨绔,第1集,100438,0,苏乞儿？
天下第一纨绔,第1集,298192,0,侍卫：不是我，我没动手，有高手
天下第一纨绔,第1集,207558,0,活宝当太监了[捂脸]
天下第一纨绔,第1集,244565,2,光天化日？
天下第一纨绔,第1集,66069,0,如烟大帝
天下第一纨绔,第1集,210473,0,你不也一样来逛吗
天下第一纨绔,第1集,135250,0,镇北侯儿子不认识皇帝？
天下第一纨绔,第1集,10877,0,第二季出来了，赶紧回来温习
天下第一纨绔,第1集,62604,0,不会再生吗
天下第一纨绔,第1集,16632,0,皇帝也找如烟
天下第一纨绔,第1集,73521,0,如烟大帝
天下第一纨绔,第1集,295638,1,大制作啊[爱慕][爱慕]
天下第一纨绔,第1集,305206,0,大片
天下第一纨绔,第1集,145820,0,侯儿[笑哭]
天下第一纨绔,第1集,63883,0,如烟大帝
天下第一纨绔,第1集,82613,0,如烟大帝真牛
天下第一纨绔,第1集,228374,0,你不是两只脚吗[笑哭]
天下第一纨绔,第1集,291073,0,无敌流
天下第一纨绔,第1集,93826,0,男主看着有点老[捂脸]
天下第一纨绔,第1集,74997,0,到处都是如烟大帝[捂脸]
天下第一纨绔,第1集,204039,0,纨绔子弟
天下第一纨绔,第1集,59893,1,如烟大帝怎么来青楼了[捂脸][捂脸][捂脸]
天下第一纨绔,第1集,1071,5,双面燕洵[送花][送花]
天下第一纨绔,第1集,222439,0,你皇帝都来逛青楼，你说我是纨绔[捂脸]
天下第一纨绔,第1集,276410,0,生死符
天下第一纨绔,第1集,294207,0,我去，段誉来了
天下第一纨绔,第1集,9100,0,只看女帝漂亮滴
天下第一纨绔,第1集,80248,0,难怪只有一个女儿
天下第一纨绔,第1集,46307,0,第二季过来的举手
天下第一纨绔,第1集,76152,0,如烟大帝无处不在
天下第一纨绔,第1集,18143,0,这配音听不习惯
天下第一纨绔,第1集,252278,1,群演不少啊
天下第一纨绔,第1集,71655,1,喜剧[笑哭][笑哭]
天下第一纨绔,第1集,147117,0,和皇上同走一个道啊
天下第一纨绔,第1集,68067,0,如烟大帝
天下第一纨绔,第1集,39909,0,没有皇帝的样子
天下第一纨绔,第1集,285134,0,弹指神通[捂脸]
天下第一纨绔,第1集,75551,0,柳如烟
天下第一纨绔,第1集,127908,0,苏老～～！
天下第一纨绔,第1集,90091,0,各位，今晚全场的消费由赵公子买单，尖叫声~
天下第一纨绔,第1集,60088,0,漂亮
天下第一纨绔,第1集,142937,0,难道不是亲儿子
天下第一纨绔,第1集,5866,0,你
天下第一纨绔,第1集,74938,2,柳如烟
天下第一纨绔,第1集,269423,0,好像现在社会
天下第一纨绔,第1集,8766,0,短剧金典开局：怡红院[捂脸]
天下第一纨绔,第1集,64275,0,如烟我爱你
天下第一纨绔,第1集,7797,0,大制作
天下第一纨绔,第1集,243162,0,大制作[偷笑]
天下第一纨绔,第1集,65648,0,如烟大帝
天下第一纨绔,第1集,264026,0,修仙的？？[懂了]
天下第一纨绔,第1集,33804,0,乌云总有一天会散开 小狗请你拨开阴霾
天下第一纨绔,第1集,222746,0,别急[酷]这只是表象
天下第一纨绔,第1集,159570,0,顾廷烨一样表面是宠
天下第一纨绔,第1集,294663,0,对路飞的伙伴
天下第一纨绔,第1集,295849,0,雨姐？
天下第一纨绔,第1集,78300,0,如烟大帝啊
天下第一纨绔,第1集,262166,0,徐锦江[笑哭][笑哭][笑哭][笑哭]
天下第一纨绔,第1集,99884,0,苏乞儿[捂脸]广州将军
天下第一纨绔,第1集,152796,3,人皇苏羽？万族之劫[偷笑]
天下第一纨绔,第1集,79398,0,如烟大帝
天下第一纨绔,第1集,68880,0,陛下，吃点好的吧
天下第一纨绔,第1集,136320,0,同道中人
天下第一纨绔,第1集,13341,0,制作精良
天下第一纨绔,第1集,112358,0,武状元苏乞儿
天下第一纨绔,第1集,67863,0,如烟大帝
天下第一纨绔,第1集,68106,0,如烟大帝恐怖如斯
天下第一纨绔,第1集,72346,0,如烟大帝无处不在
天下第一纨绔,第1集,82505,0,柳家满门忠烈
天下第一纨绔,第1集,294849,0,有那么一刻，很像年轻时候的乔振宇啊[偷笑]
天下第一纨绔,第1集,74681,0,还有这么多人熬夜啊
天下第一纨绔,第1集,207217,0,他不纨绔，早被大夫人搞死了吧[偷笑]
天下第一纨绔,第1集,128327,0,这是我太子殿下的衣服啊
天下第一纨绔,第1集,25807,0,谁看过
天下第一纨绔,第1集,308585,0,那人眼神仿佛在说，不可能！
天下第一纨绔,第1集,120653,0,和皇帝抢头牌
天下第一纨绔,第1集,15702,0,烟火气啊
天下第一纨绔,第1集,71965,0,这么平她配吗[撇嘴]
天下第一纨绔,第1集,202684,0,皇帝一点不淡定
天下第一纨绔,第1集,73428,0,陛下，你刚才的烦恼呢
天下第一纨绔,第1集,68094,0,咋这么多叫如烟的？
天下第一纨绔,第1集,16282,0,就剧废话多吗
天下第一纨绔,第1集,74810,0,如烟大帝恐怖如斯[笑哭]
天下第一纨绔,第1集,71691,0,如烟大帝
天下第一纨绔,第1集,201209,0,这个太监，我记得好像是长剧演员
天下第一纨绔,第1集,43388,0,虐不虐
天下第一纨绔,第1集,104416,1,短剧如烟大帝好像很出名
天下第一纨绔,第1集,214838,0,这皇上不也逛青楼吗？他就不纨绔了吗？
天下第一纨绔,第1集,176849,0,捧杀，对，养废他
天下第一纨绔,第1集,12636,0,2025/11/30签到
天下第一纨绔,第1集,82211,0,那个剧都有如烟大帝
天下第一纨绔,第1集,290557,0,生死符 低配版[捂脸]
天下第一纨绔,第1集,64813,0,如烟大帝稳定输出
天下第一纨绔,第1集,9433,0,有意思得很啊
天下第一纨绔,第1集,276088,0,还真是原声，别的好多后配的嘴型都配不上
天下第一纨绔,第1集,38183,2,这是大宝？
天下第一纨绔,第1集,125680,0,哪里都有如烟 ，就不能取些新鲜一点的名字
天下第一纨绔,第1集,294167,0,水枪[捂脸]
天下第一纨绔,第1集,71438,0,如烟大帝
天下第一纨绔,第1集,142137,1,有格局
天下第一纨绔,第1集,253722,4,有钱的剧组
天下第一纨绔,第1集,277311,0,三分混元气
天下第一纨绔,第1集,293677,0,乖乖，比机关枪还厉害
天下第一纨绔,第1集,172419,0,皇帝都来找姑娘，还嫌别人丢脸[笑哭][笑哭][笑哭]
天下第一纨绔,第1集,11573,1,有意思
天下第一纨绔,第1集,294773,0,水弹
天下第一纨绔,第1集,239072,0,这是晚上吧怎么光天化日[笑哭]
天下第一纨绔,第1集,111253,0,如烟大帝
天下第一纨绔,第1集,216223,0,它是不知道自己在逛青楼
天下第一纨绔,第1集,7341,0,刷了十遍，很好看
天下第一纨绔,第1集,204373,0,人家愿意你管得着吗
天下第一纨绔,第1集,67721,0,虽迟但到
天下第一纨绔,第1集,303693,0,滴水穿心。[鼓掌][鼓掌][捂脸][送花][送花]
天下第一纨绔,第1集,292399,0,有点东西啊！这简直就是我心目中高手的样子
天下第一纨绔,第1集,66031,0,如烟大神
天下第一纨绔,第1集,62791,1,如烟大帝出场
天下第一纨绔,第1集,246605,0,现场收音
天下第一纨绔,第1集,222793,0,这男主可是新面孔啊[捂脸]
天下第一纨绔,第1集,247873,0,这是大宋吧
天下第一纨绔,第1集,302674,0,黄药师的弹指神功？
天下第一纨绔,第1集,265441,0,以前，叫弹指神功，现在叫弹水神功
天下第一纨绔,第1集,154527,4,这是主母的捧杀 不过男主没长歪就是了
天下第一纨绔,第1集,74559,0,如烟大帝[送花]
天下第一纨绔,第1集,73510,0,这是如烟姑姑吧
天下第一纨绔,第1集,159210,0,这男主不一般
天下第一纨绔,第1集,60551,0,如烟大帝[捂脸]
天下第一纨绔,第1集,37078,0,1.5倍
天下第一纨绔,第1集,157219,4,范闲？
天下第一纨绔,第1集,96240,1,于谦？？
天下第一纨绔,第1集,66850,0,大帝出现[尬笑][尬笑][尬笑]
天下第一纨绔,第1集,220420,0,强盗来了
天下第一纨绔,第1集,74202,0,如烟大帝
天下第一纨绔,第1集,50350,0,都是老演员[捂脸]
天下第一纨绔,第1集,283465,0,弹水神功
天下第一纨绔,第1集,68934,0,如烟大帝
天下第一纨绔,第1集,66136,0,皇帝也嫖妓？
天下第一纨绔,第1集,70293,0,如烟大帝在情楼
天下第一纨绔,第1集,180424,0,改版苏乞儿？
天下第一纨绔,第1集,146765,0,丸辣
天下第一纨绔,第1集,43465,1,好看
天下第一纨绔,第1集,17794,0,去
天下第一纨绔,第1集,198185,0,这部质量不错
天下第一纨绔,第1集,156480,0,等下，是吃了颗小青柠吗[奸笑]
天下第一纨绔,第1集,30804,0,好看好看[鼓掌][鼓掌][鼓掌]
天下第一纨绔,第1集,239482,1,柳如烟得罪谁了，基本上看古装都会出现[笑哭]
天下第一纨绔,第1集,75482,0,如烟大帝
天下第一纨绔,第1集,242770,0,李勇政委[捂脸]
天下第一纨绔,第1集,121104,1,苏乞儿
天下第一纨绔,第1集,90092,3,柳如烟吗[捂脸]
天下第一纨绔,第1集,63416,0,也不好看
天下第一纨绔,第1集,98649,1,苏察哈尔灿
天下第一纨绔,第1集,113320,0,星爷无处不在，经典
天下第一纨绔,第1集,10842,0,好老的花魁
天下第一纨绔,第1集,224162,0,开国将军是什么意思
天下第一纨绔,第1集,264601,0,哈哈，放开他，放开我
天下第一纨绔,第1集,70955,0,哈哈，如烟大帝
天下第一纨绔,第1集,202818,0,拍的像长剧
天下第一纨绔,第1集,61173,0,柳如烟[捂脸]
天下第一纨绔,第1集,72089,0,如烟大帝在哪部剧都出名丫。
天下第一纨绔,第1集,59463,0,好看不啊
天下第一纨绔,第1集,30785,0,这皇帝演的不太聪明的样子
天下第一纨绔,第1集,57571,0,一个皇帝咋才一个独女，要不这个都不是亲生的[捂脸]
天下第一纨绔,第1集,12440,0,为了看第二部又来重温一遍第一部[笑哭]
天下第一纨绔,第1集,74908,0,好你个如烟大帝？
天下第一纨绔,第1集,264654,1,这是少见的大制作啊
天下第一纨绔,第1集,31008,0,到此一游。
天下第一纨绔,第1集,123394,0,同道中人
天下第一纨绔,第1集,70057,0,又是如烟
天下第一纨绔,第1集,40560,0,好歹穿个金色啊
天下第一纨绔,第1集,297541,1,这是除一品布衣，和冒姓琅琊 以外群演最多的剧了，不愧是男频剧
天下第一纨绔,第1集,58039,0,说到如烟，我想到了蔡少芬。[捂脸]
天下第一纨绔,第1集,13123,0,蛮夷太狂！
天下第一纨绔,第1集,53515,0,皇帝就这？
天下第一纨绔,第1集,149121,0,皇帝：苏羽不错同道中人啊[捂脸]
天下第一纨绔,第1集,66759,0,欧我的如烟大帝[笑哭]
天下第一纨绔,第1集,291134,0,还是个修仙的
天下第一纨绔,第1集,174569,0,；你就不丢脸了
天下第一纨绔,第1集,95822,0,一开始我以为是妓女们[捂脸]
天下第一纨绔,第1集,62575,0,如烟大帝
天下第一纨绔,第1集,97745,0,剧剧不离如烟大帝
天下第一纨绔,第1集,54972,0,可怜的小国皇帝
天下第一纨绔,第1集,202993,0,还没有马上
天下第一纨绔,第1集,11284,3,好
天下第一纨绔,第1集,101212,0,有一瞬间以为乔来了 仔细想想不可能[捂脸]
天下第一纨绔,第1集,28468,0,开头运镜很厉害，估计是大制作
天下第一纨绔,第1集,54179,0,终于找到了[爽]
天下第一纨绔,第1集,64360,0,如烟 就是没丑过
天下第一纨绔,第1集,106655,0,如烟姑娘[赞][赞][赞]
天下第一纨绔,第1集,1235,0,好
天下第一纨绔,第1集,67568,0,如烟大帝
天下第一纨绔,第1集,154429,0,顾长烨的剧情，继母直接养废他
天下第一纨绔,第1集,74571,0,最喜欢这胖哥的搞笑演绎
天下第一纨绔,第1集,224572,0,你自己一个皇帝都逛青楼，管别人挺宽
天下第一纨绔,第1集,73288,2,又是如烟大帝
天下第一纨绔,第1集,66772,0,白玉
天下第一纨绔,第1集,175175,0,这不是松哥么，是说看着眼熟
天下第一纨绔,第1集,64796,0,如烟大帝
天下第一纨绔,第1集,72146,0,如烟一来 独女也没问题啦
天下第一纨绔,第1集,46876,0,诗词歌曲又要来了吗[笑哭]
天下第一纨绔,第1集,55396,0,没儿子？
天下第一纨绔,第1集,85147,0,我最爱如烟了，颜值都很高
天下第一纨绔,第1集,207752,0,男主像罗晋
天下第一纨绔,第1集,13592,1,这剧第一？[赞]
天下第一纨绔,第1集,64925,0,如烟处处都在啊[笑哭]
天下第一纨绔,第1集,251784,0,蒙丹？
天下第一纨绔,第1集,63183,0,如烟大帝
天下第一纨绔,第1集,265455,0,这是李诞的笑声啊
天下第一纨绔,第1集,57386,0,我想知道柳如烟是哪个大帝就是短剧里的明星
天下第一纨绔,第1集,196738,0,玉佩是伏笔呀[捂脸]
天下第一纨绔,第1集,176676,4,这一听，就是大夫人捧杀
天下第一纨绔,第1集,43973,0,好看
天下第一纨绔,第1集,78086,0,如烟大帝 敢问可姓柳否
天下第一纨绔,第1集,213557,0,自己来了
天下第一纨绔,第1集,78553,0,大帝来了[笑哭][笑哭]
天下第一纨绔,第1集,81088,0,跑啊
天下第一纨绔,第1集,120681,0,大哥！
天下第一纨绔,第1集,79047,0,宋徽宗？皇帝还嫖娼
天下第一纨绔,第1集,306166,0,这眼神，真像Gackt[偷笑]
天下第一纨绔,第1集,63552,0,如烟大帝
天下第一纨绔,第1集,79552,0,好看吗？
天下第一纨绔,第1集,83671,0,这个太监演的好
天下第一纨绔,第1集,106923,0,老皇帝不认识？？？
天下第一纨绔,第1集,72930,0,如烟大帝[捂脸][捂脸][捂脸]
天下第一纨绔,第1集,85986,0,如烟大帝
天下第一纨绔,第1集,308340,0,酒没喝
天下第一纨绔,第1集,209070,0,时长够长
天下第一纨绔,第1集,109486,0,装纨绔保命
天下第一纨绔,第1集,62982,0,如烟大帝[爱慕]
天下第一纨绔,第1集,25133,2,原声好评
天下第一纨绔,第1集,276930,5,这滴水，好生厉害。[捂脸][捂脸]
天下第一纨绔,第1集,71631,0,真像王鸥
天下第一纨绔,第1集,72876,0,如烟大神膜拜[鼓掌][鼓掌][鼓掌]
天下第一纨绔,第1集,31388,0,这个陛下的衣服不像陛下
天下第一纨绔,第1集,208089,0,你自己不也在青楼吗？
天下第一纨绔,第1集,170115,0,皇帝进青楼不丢人？？
天下第一纨绔,第1集,288384,4,大制作
天下第一纨绔,第1集,251193,3,剧组一看就有钱[偷笑][偷笑]群演好多
天下第一纨绔,第1集,26326,1,我也是看热度高进来看看
天下第一纨绔,第1集,109113,0,那给你当妈
天下第一纨绔,第1集,294281,0,水弹
天下第一纨绔,第1集,242968,0,好像徐锦江
天下第一纨绔,第1集,31041,1,观看量这么高吗？
天下第一纨绔,第1集,32037,0,皇帝气性这么大
天下第一纨绔,第1集,63593,0,如烟大帝
天下第一纨绔,第1集,242627,0,如烟是出了名[捂脸]
天下第一纨绔,第1集,15614,1,这是杨国忠嘛[笑哭]
天下第一纨绔,第1集,201065,0,陛下喊的这么大声生怕别人不知道吗？
天下第一纨绔,第1集,128714,0,烟蒂
天下第一纨绔,第1集,103192,0,苏乞儿吧[笑哭][笑哭][笑哭]
天下第一纨绔,第1集,76422,0,如烟大帝
天下第一纨绔,第1集,219509,0,只准皇帝可以逛青楼 别人就不可以[笑哭]
天下第一纨绔,第1集,174275,0,捧杀[偷笑]
天下第一纨绔,第1集,27526,0,又是这个演员演太监
天下第一纨绔,第1集,65265,0,如烟大帝[尬笑]
天下第一纨绔,第1集,27666,0,感觉这个男主长得像张大大
天下第一纨绔,第1集,71403,0,如烟大帝
天下第一纨绔,第1集,24341,0,鱼鱼
天下第一纨绔,第1集,188416,0,你个皇帝来这都不丢脸，人家丢什么脸[捂脸]
天下第一纨绔,第1集,272178,0,秦武好忙[笑哭]
天下第一纨绔,第1集,71304,0,熟人啊
天下第一纨绔,第1集,26176,0,古代还有LED[什么]
天下第一纨绔,第1集,293137,0,[笑哭]纨绔厉害啊
天下第一纨绔,第1集,24142,0,关掉
天下第一纨绔,第1集,29736,0,有人吗
天下第一纨绔,第1集,179396,0,捧杀
天下第一纨绔,第1集,133785,0,这妥妥的徐凤年的弟弟啊
天下第一纨绔,第1集,70810,0,片刻[尬笑]
天下第一纨绔,第1集,263682,0,放开她[笑哭]放开我[捂脸]
天下第一纨绔,第1集,220294,0,都来青楼了还要面子
天下第一纨绔,第1集,64898,0,快过年了，大家都赚了多少钱呀
天下第一纨绔,第1集,127769,0,如烟大帝[笑哭]
天下第一纨绔,第1集,52451,0,这短剧咋皇帝都不孕不育吗[捂脸][捂脸]
天下第一纨绔,第1集,102630,0,宋青书，你也在这里呢，又见面了[笑哭]
天下第一纨绔,第1集,72551,0,如烟大帝无处不在[笑哭][笑哭][笑哭]
天下第一纨绔,第1集,66317,0,如烟大帝
天下第一纨绔,第1集,54352,0,又是女帝，直接弃
天下第一纨绔,第1集,75741,0,主要能让你平静
天下第一纨绔,第1集,189438,0,皇上就是见不得别人比他女人多
天下第一纨绔,第1集,300986,0,[捂脸][捂脸][捂脸]太疯癫了这剧情
天下第一纨绔,第1集,302550,0,好厉害，万米高空下的雨都没这么大威力
天下第一纨绔,第1集,266932,0,关
天下第一纨绔,第1集,203323,0,皇上气性这么大啊[笑哭]
天下第一纨绔,第1集,223520,1,如烟下去跳舞了？
天下第一纨绔,第1集,64538,0,又是如烟大帝[笑哭][笑哭]
天下第一纨绔,第1集,30781,0,有妹妹吗
天下第一纨绔,第1集,77906,0,有没有杀伐果断的剧，推荐一下
天下第一纨绔,第1集,207426,0,你一个皇帝都来青楼，还嫌别人的儿子呢怎么好意思[捂脸]
天下第一纨绔,第1集,64543,0,如烟大帝
天下第一纨绔,第1集,38194,0,太监专业户
天下第一纨绔,第1集,33923,0,差点以为元彪过来演短剧了[捂脸]
天下第一纨绔,第1集,187096,1,路平怎么在这里
天下第一纨绔,第1集,143247,0,这男的就是像乔振宇
天下第一纨绔,第1集,242159,5,高手快出手
天下第一纨绔,第1集,74990,0,如烟大帝
天下第一纨绔,第1集,16304,0,好不好看
天下第一纨绔,第1集,269227,3,说的就是现实生活
天下第一纨绔,第1集,88442,0,这个太监我还是很中意喔[笑哭]
天下第一纨绔,第1集,79054,0,如烟大帝
天下第一纨绔,第1集,46904,1,如烟大帝登场
天下第一纨绔,第1集,77086,0,如烟只打高端局
天下第一纨绔,第1集,487,5,苏羽：说我纨绔？陛下不也是来找如烟的嘛？
天下第一纨绔,第1集,108809,2,苏乞儿[笑哭]
天下第一纨绔,第1集,158212,0,养废他吧
天下第一纨绔,第1集,158299,4,流水的主角铁打的如烟
天下第一纨绔,第1集,265404,0,弹指神通[笑哭][笑哭][笑哭]
天下第一纨绔,第1集,13361,0,这地方我喜欢
天下第一纨绔,第1集,113095,1,梅姨[捂脸]
天下第一纨绔,第1集,187401,0,自己逛怪别人
天下第一纨绔,第1集,72005,0,好看 复习1准备看2
天下第一纨绔,第1集,179683,2,顾廷延？
天下第一纨绔,第1集,72681,0,如烟大帝虽迟但到[笑哭]
天下第一纨绔,第1集,5784,0,双面燕洵？
天下第一纨绔,第1集,23055,0,皇帝这么不稳重
天下第一纨绔,第1集,242163,0,大制作
天下第一纨绔,第1集,70159,0,如烟大帝[笑哭]
天下第一纨绔,第1集,71337,0,又现如烟大帝
天下第一纨绔,第1集,48120,0,天天推给我，我看看好不好看。
天下第一纨绔,第1集,287630,0,这哪是高手，简直是神仙
天下第一纨绔,第1集,248384,0,说词的是特约，好看的是前景，群演少
天下第一纨绔,第1集,64645,0,如烟大帝
天下第一纨绔,第1集,279254,0,年轻就是好啊，倒头就睡
天下第一纨绔,第1集,305194,0,邪魅一笑
天下第一纨绔,第1集,140501,0,也是个不让顾二的花花太岁[吃瓜]
天下第一纨绔,第1集,68798,0,如烟大帝
天下第一纨绔,第1集,75266,0,如烟大帝
天下第一纨绔,第1集,283306,0,生死符
天下第一纨绔,第1集,8568,0,开局就是好地方
天下第一纨绔,第1集,247267,0,金毛狮王？
天下第一纨绔,第1集,78708,0,万能名字柳如烟
天下第一纨绔,第1集,113411,0,我爱梅姨[笑哭]
天下第一纨绔,第1集,67571,0,不愧是如烟大帝
天下第一纨绔,第1集,51306,0,不好看
天下第一纨绔,第1集,73851,0,短剧里最多的名字，如烟[笑哭][笑哭]无敌的存在
天下第一纨绔,第1集,29019,0,发条友善的讨论吧
天下第一纨绔,第1集,254035,0,这是正剧导演拍的，所以都照长剧标准拍的
天下第一纨绔,第1集,70417,0,如烟大帝
天下第一纨绔,第1集,263046,0,[笑哭]放开他，放开我
天下第一纨绔,第1集,131880,0,镇北侯二公子没见过皇帝[捂脸]
天下第一纨绔,第1集,175555,0,丢权贵的脸，皇帝来青楼就不丢脸了[笑哭]
天下第一纨绔,第1集,150137,0,知否顾老二剧情了，捧杀
天下第一纨绔,第1集,63695,0,皇帝也嫖娼呀！
天下第一纨绔,第1集,38776,0,异物志男主
天下第一纨绔,第1集,59245,0,如烟大帝
天下第一纨绔,第1集,307640,0,此短剧大制作，具有电影效果，编剧导演有水平啊。
天下第一纨绔,第1集,7064,0,这特效，大制作啊
天下第一纨绔,第1集,292964,0,电视剧的质感[赞][赞][赞]
天下第一纨绔,第1集,18320,0,第二季出了，回来重温一下第一季[捂脸]
天下第一纨绔,第1集,141550,0,这个家伙穿白着素丰神俊郎，眼神深髓，身上有英雄气概一定是英才
天下第一纨绔,第1集,19221,0,有女孩子看嘛？
天下第一纨绔,第1集,39119,0,不如AI
天下第一纨绔,第1集,9718,0,好看吗
天下第一纨绔,第1集,41905,0,好看吗，这么高收藏
天下第一纨绔,第1集,86627,0,小小如烟[偷笑][偷笑][偷笑]
天下第一纨绔,第1集,188067,2,苏乞儿
天下第一纨绔,第1集,63216,1,如煙出鏡率很高[笑哭]
天下第一纨绔,第1集,20044,0,刚来
天下第一纨绔,第1集,17990,1,马睿泽演的还不错
天下第一纨绔,第1集,293313,0,大制作
天下第一纨绔,第1集,10468,0,向往的生活
天下第一纨绔,第1集,69754,0,这如烟有点老啊
天下第一纨绔,第1集,25317,0,不错[偷笑]
天下第一纨绔,第1集,140465,0,执跨
天下第一纨绔,第1集,50861,2,流水的短剧，铁打的如烟[捂脸]
天下第一纨绔,第1集,102321,0,苏察哈尔灿？
天下第一纨绔,第1集,222814,0,自己一个皇帝逛青楼还好意思说别人。
天下第一纨绔,第1集,14435,0,时间
天下第一纨绔,第1集,102084,0,如烟大帝又来了
天下第一纨绔,第1集,64669,0,烟啊，咋哪部剧都有你[捂脸]
天下第一纨绔,第1集,155659,0,捧杀
天下第一纨绔,第1集,39000,0,太监专业户[捂脸]
天下第一纨绔,第1集,181405,0,都不是啥好人，皇帝还要抓人家
天下第一纨绔,第1集,246701,0,广州吗
天下第一纨绔,第1集,90117,0,等待 天下第一纨绔2
天下第一纨绔,第1集,84600,0,这公公笑死人了
天下第一纨绔,第1集,255731,0,是挺长
天下第一纨绔,第1集,141537,0,喜剧[鼓掌]
天下第一纨绔,第1集,221210,0,藏拙
天下第一纨绔,第1集,78701,0,如烟大帝是每部短剧绕不开的坎[捂脸]
天下第一纨绔,第1集,288351,3,排云掌
天下第一纨绔,第1集,75969,0,如烟莫非细柳？
天下第一纨绔,第1集,272075,0,这场景，服装，道具……不输电视剧
天下第一纨绔,第1集,66621,0,皇帝像个县令
天下第一纨绔,第1集,61901,0,只要如烟大地在，就不会有事[捂脸][捂脸][捂脸]
天下第一纨绔,第1集,297197,0,弹水神通[捂脸]
天下第一纨绔,第1集,152255,0,娇生惯养的把他养废吧
天下第一纨绔,第1集,204998,0,皇帝还逛窑子呢，说别人纨绔
天下第一纨绔,第1集,228018,0,不弹
天下第一纨绔,第1集,64143,0,柳如烟哇
天下第一纨绔,第1集,210998,0,你自己不也来青楼，还好意思说别人
天下第一纨绔,第1集,185943,0,装啥呢
天下第一纨绔,第1集,268692,0,这剧人挺多啊，不错有点小钱[偷笑]
天下第一纨绔,第1集,160430,0,捧杀
天下第一纨绔,第1集,266263,0,锦江哥是你吗
天下第一纨绔,第1集,86504,0,这皇上一点都不稳重[笑哭]
天下第一纨绔,第1集,70796,0,没素质
天下第一纨绔,第1集,175171,0,丢脸，逛花楼
天下第一纨绔,第1集,207129,0,陛下还能逛青楼
天下第一纨绔,第1集,244250,0,反转来了
天下第一纨绔,第1集,66567,0,如烟大帝
天下第一纨绔,第1集,168982,0,想到了顾廷烨…
天下第一纨绔,第1集,72389,0,如烟大帝，恐怖如斯[捂脸]
天下第一纨绔,第1集,224105,0,皇上都逛青楼了，你还要求啥[捂脸][捂脸][捂脸]
天下第一纨绔,第1集,131829,0,这个场地不得不让人乱想[捂脸]
天下第一纨绔,第1集,268584,1,不是徐锦江好吧
天下第一纨绔,第1集,248400,0,什么东西
天下第一纨绔,第1集,291220,0,苏羽？
天下第一纨绔,第1集,110974,0,这进度条有点...
天下第一纨绔,第1集,129699,0,红果好头牌女姻大帝[笑哭][笑哭][笑哭]
天下第一纨绔,第1集,141482,0,不是，皇帝认不出来吗
天下第一纨绔,第1集,124517,0,又是一部如烟剧
天下第一纨绔,第1集,121245,0,每部剧都一个如烟[爽][爽][爽]
天下第一纨绔,第1集,11222,0,真的吗？好看吗？我看看试一下
天下第一纨绔,第1集,11774,3,看热度高，进来看看
天下第一纨绔,第1集,65584,0,敢这么和老丈人说话？
天下第一纨绔,第1集,39521,0,漂亮了，蛮夷打脸很快[捂脸]
天下第一纨绔,第1集,290479,0,苏羽厉害
天下第一纨绔,第1集,71915,0,长的什么玩意[捂脸]
天下第一纨绔,第1集,198130,4,苏少好帅啊
天下第一纨绔,第1集,167773,0,哦，是葡萄[笑哭][笑哭][笑哭]
天下第一纨绔,第1集,68794,0,扯淡
天下第一纨绔,第1集,91466,0,皇帝都不敢带回去？
天下第一纨绔,第1集,153619,0,这是捧杀，想把他养废
天下第一纨绔,第1集,119027,3,那么多群众演员，必是大制作啊[鼓掌][鼓掌][鼓掌]
天下第一纨绔,第1集,77745,0,同道中人[笑哭]
天下第一纨绔,第1集,292804,0,加特林哒哒哒
天下第一纨绔,第1集,213338,0,后宫佳丽三千人都忙不过来，还来青楼
天下第一纨绔,第1集,66885,0,如烟大帝恐怖如斯[捂脸]
天下第一纨绔,第1集,75059,0,如烟大帝
天下第一纨绔,第1集,293555,0,有点炫酷
天下第一纨绔,第1集,215737,1,刘禅
天下第一纨绔,第1集,265565,2,群演阵容强大
天下第一纨绔,第1集,121329,1,皇上的连桥
天下第一纨绔,第1集,200425,0,为什么不能说恐龙体
天下第一纨绔,第1集,62433,4,又是如烟[捂脸]
天下第一纨绔,第1集,71076,0,如烟大帝堕落了吗[尬笑][尬笑][尬笑]
天下第一纨绔,第1集,145773,0,第二季出来了忘了第一季回来看看[尬笑]
天下第一纨绔,第1集,202565,0,女孩子不错[笑哭]
天下第一纨绔,第1集,135166,0,宋青高
天下第一纨绔,第1集,170810,0,"纨绔样子,是伪装的吧"
天下第一纨绔,第1集,91391,0,如烟过不去了[捂脸][捂脸][捂脸]
天下第一纨绔,第1集,292433,0,这功夫大发了
天下第一纨绔,第1集,115881,0,还是同道中人[捂脸]
天下第一纨绔,第1集,296254,0,生死符，虚竹
天下第一纨绔,第1集,28218,0,这皇帝有点寒酸
天下第一纨绔,第1集,73413,0,如烟大帝
天下第一纨绔,第1集,298074,0,这剧好看。[赞]
天下第一纨绔,第1集,113611,0,如烟大帝这是又来了
天下第一纨绔,第1集,80687,0,陛下也逛这地方呀[捂脸]
天下第一纨绔,第1集,151289,0,捧杀
天下第一纨绔,第1集,245096,0,这皇帝后宫三千还不够
天下第一纨绔,第1集,264283,0,时长真过瘾
天下第一纨绔,第1集,1117,0,强忍着看到一半回评：剧情无聊至极，婆婆妈妈、肉肉唧唧…
天下第一纨绔,第1集,69201,0,片刻
天下第一纨绔,第1集,167918,0,捧杀啊
天下第一纨绔,第1集,19883,0,不是李大钊啊
天下第一纨绔,第1集,179959,0,上梁不正下梁歪
天下第一纨绔,第1集,211690,0,陛下自己来逛清楼。。。还。
天下第一纨绔,第1集,211152,0,皇帝自己去青楼就不是纨绔了
天下第一纨绔,第1集,267687,0,横店基本场景
天下第一纨绔,第1集,82561,0,铁打的如烟
天下第一纨绔,第1集,79790,0,哈哈[捂脸]
天下第一纨绔,第1集,36558,0,这个太监是他吗？太像了吧
天下第一纨绔,第1集,95778,0,皇帝也得有个如烟[爱慕]
天下第一纨绔,第1集,106230,0,苏察哈尔灿
天下第一纨绔,第1集,251127,0,弹指神通，高手在人间啊
天下第一纨绔,第1集,144608,0,周星驰得影子[捂脸]
天下第一纨绔,第1集,259185,0,放谁啊？放她还是放我说清楚[捂脸]
天下第一纨绔,第1集,64848,1,怎么这里也能有如烟啊
天下第一纨绔,第1集,292173,0,被水珠子弹死[捂脸]
天下第一纨绔,第1集,239528,0,欧阳锋？
天下第一纨绔,第1集,43917,0,古代有纨绔、现代有巨婴
天下第一纨绔,第1集,303145,0,大宗师
天下第一纨绔,第1集,23792,1,[捂脸]出第二季了 第一季已经忘了 重温一遍
天下第一纨绔,第1集,9496,0,这音乐是双面燕洵
天下第一纨绔,第1集,63687,0,这是皇帝？？[捂脸][捂脸]
天下第一纨绔,第1集,71934,0,只能 片刻[笑哭][笑哭]
天下第一纨绔,第1集,153533,0,喂葡萄的比如烟好看啊
天下第一纨绔,第1集,16138,0,才开始的繁华看起像大制作
天下第一纨绔,第1集,85311,0,我想知道 有多少如烟[捂脸]
天下第一纨绔,第1集,167914,26,嫡母捧杀
天下第一纨绔,第1集,11321,0,第一眼，花魁不错[酷]把我留下了
天下第一纨绔,第1集,6628,1,大制作
天下第一纨绔,第1集,84816,0,如烟大帝
天下第一纨绔,第1集,244007,0,这真饿了
天下第一纨绔,第1集,223181,0,开国将军儿子不认识皇帝？[捂脸]
天下第一纨绔,第1集,47853,0,都不睡觉吗
天下第一纨绔,第1集,78564,0,换一个
天下第一纨绔,第1集,74840,0,？我在吃
天下第一纨绔,第1集,64922,0,闻太师。
天下第一纨绔,第1集,156510,0,古代青楼都是卖艺麽？有没有别的
天下第一纨绔,第1集,11026,1,是音乐留住了我
天下第一纨绔,第1集,14132,0,赏
天下第一纨绔,第1集,170818,0,[笑哭]没有看到自己还点如烟呢
天下第一纨绔,第1集,60791,0,如烟大帝？
天下第一纨绔,第1集,299269,2,忒厉害了吧
天下第一纨绔,第1集,130901,0,镇北王的儿子不认识皇帝？
天下第一纨绔,第1集,184795,0,这皇帝真是莫名其妙，你能来，别人不能来？
天下第一纨绔,第1集,10223,0,吐了
天下第一纨绔,第1集,248690,2,徐锦江 樊少皇
天下第一纨绔,第1集,78145,0,怎么那部剧里都有如烟呢
天下第一纨绔,第1集,223465,0,自己逛就可以，别人就纨绔
天下第一纨绔,第1集,67158,0,又是如烟大帝[恐惧][恐惧][恐惧]
天下第一纨绔,第1集,204121,0,你自己都来[捂脸]
天下第一纨绔,第1集,300856,0,弹指神通啊
天下第一纨绔,第1集,177254,0,别剧透啊[捂脸]
天下第一纨绔,第1集,143131,0,这不是韬光养晦
天下第一纨绔,第1集,199790,0,陛下逛青楼[赞][赞]
天下第一纨绔,第1集,300234,0,我说是我出手你们信吗[笑哭]
天下第一纨绔,第1集,58405,0,王鸥
天下第一纨绔,第1集,263022,0,放开他，放开我
天下第一纨绔,第1集,77213,0,如烟都出生不好[捂脸]
天下第一纨绔,第1集,63330,0,这都有如烟大帝
天下第一纨绔,第1集,215824,0,自己逛青楼还说别人纨绔[捂脸]
天下第一纨绔,第1集,292503,0,合理
天下第一纨绔,第1集,109175,0,毛不凡呢？
天下第一纨绔,第1集,12618,0,没有学学雷布斯，下面加上小字！[捂脸]或者写上“解释权归…”
天下第一纨绔,第1集,64620,0,柳如烟，如烟大帝
天下第一纨绔,第1集,79219,0,哈哈如烟
天下第一纨绔,第1集,73404,0,如烟大帝，恐怖如斯[捂脸][捂脸][捂脸]
天下第一纨绔,第1集,81035,0,苏小小
天下第一纨绔,第1集,65809,0,如烟大帝
天下第一纨绔,第1集,146885,0,捧杀
天下第一纨绔,第1集,154845,0,这是捧杀
天下第一纨绔,第1集,60150,6,柳如烟
天下第一纨绔,第1集,154180,0,捧杀吧[捂脸]
天下第一纨绔,第1集,74752,0,把 PC 说得那么好听？
天下第一纨绔,第1集,225390,0,连你自己都逛青楼了
天下第一纨绔,第1集,43132,0,大炎是哪个国家
天下第一纨绔,第1集,100985,1,这个好看
天下第一纨绔,第1集,305996,0,苏大侠深藏不露
天下第一纨绔,第1集,73077,0,此如烟是否就是彼如烟[偷笑][偷笑][偷笑]
天下第一纨绔,第1集,98678,0,苏哈察尔灿
天下第一纨绔,第1集,72464,0,如烟大帝
天下第一纨绔,第1集,76612,0,黄帝都跑到这个地方来了
天下第一纨绔,第1集,201421,0,皇帝的三宫六院呢，还要逛青楼[捂脸][捂脸][捂脸]
天下第一纨绔,第1集,89757,0,都是好朋友
天下第一纨绔,第1集,263473,0,清楼万古如长夜
天下第一纨绔,第1集,81191,0,柳如烟是短剧标配[捂脸]
天下第一纨绔,第1集,42071,0,都是配音[笑哭]
天下第一纨绔,第1集,58215,0,短剧里，女帝这么容易接受吗[探究]
天下第一纨绔,第1集,86235,0,如烟大帝
天下第一纨绔,第1集,37968,0,听到蛮夷定是越剧定离不开必备三件套老天安排我过来就是拯救天下
天下第一纨绔,第1集,306201,0,高手啊
天下第一纨绔,第1集,70533,0,王鸥？
天下第一纨绔,第1集,72758,0,如烟大帝无处不在[捂脸]
天下第一纨绔,第1集,65817,0,依旧如烟[捂脸]
天下第一纨绔,第1集,65976,0,如烟大帝
天下第一纨绔,第1集,302862,0,这个喂酒的远近镜头确定帅的~
天下第一纨绔,第1集,59374,0,如烟大帝
天下第一纨绔,第1集,101388,2,这里不能用“跋扈”这个词吧？人家是撒钱哪里跋扈了[捂脸]
天下第一纨绔,第1集,6009,0,大制作[鼓掌][鼓掌]
天下第一纨绔,第1集,64038,0,柳如烟
天下第一纨绔,第1集,74782,0,如烟大帝[捂脸]
天下第一纨绔,第1集,13899,0,如烟大帝又来了吗
天下第一纨绔,第1集,76166,0,还得是如烟大帝
天下第一纨绔,第1集,70743,2,做人做事还得看如烟大帝
天下第一纨绔,第1集,57527,0,好看吗
天下第一纨绔,第1集,76942,0,如烟大帝
天下第一纨绔,第1集,75305,0,这个如烟颜值太一般了吧
天下第一纨绔,第1集,65971,0,如烟大帝，[捂脸]
天下第一纨绔,第1集,291172,0,这质量，红果真爱[爱慕]
天下第一纨绔,第1集,162508,0,这不是老任吗？
天下第一纨绔,第1集,90309,0,干活
天下第一纨绔,第1集,68555,0,王鸥？
天下第一纨绔,第1集,214246,0,你自己兜在逛青楼[捂脸]
天下第一纨绔,第1集,264900,0,[赞]。[捂脸][笑][捂脸][笑][笑哭].
天下第一纨绔,第1集,199877,1,皇上觉得没面子[笑哭]
天下第一纨绔,第1集,167245,0,养废了[捂脸][送花]
天下第一纨绔,第1集,48005,0,没人在
天下第一纨绔,第1集,158592,0,这叫捧杀[偷笑]
天下第一纨绔,第1集,74328,1,如烟大帝
天下第一纨绔,第1集,40495,0,这皇帝像李嗣源
天下第一纨绔,第1集,262348,0,打不过就要立正
天下第一纨绔,第1集,47066,0,这不是大宝吗[捂脸]
天下第一纨绔,第1集,16810,0,冲原声，决定看下去！
天下第一纨绔,第1集,153846,0,平津侯庄之行？
天下第一纨绔,第1集,69374,0,天不生我如烟帝，茶道万古如长夜[捂脸][捂脸]
天下第一纨绔,第1集,59823,0,又是如烟大帝
天下第一纨绔,第1集,7531,0,忘记了第一季，又来看一遍[捂脸][捂脸]
天下第一纨绔,第1集,60158,0,如烟大帝[捂脸][捂脸]
天下第一纨绔,第1集,71637,0,空虚寂寞冷
天下第一纨绔,第1集,64745,0,不好看
天下第一纨绔,第1集,81328,0,如烟大帝
天下第一纨绔,第1集,260166,4,有钱的剧组
天下第一纨绔,第1集,63053,2,经典柳如烟[笑哭]
天下第一纨绔,第1集,10582,0,这个厉害了
天下第一纨绔,第1集,63337,0,不是这对吗
天下第一纨绔,第1集,70856,0,只有片刻么
天下第一纨绔,第1集,143780,0,有点意思
天下第一纨绔,第1集,85765,0,如烟大帝
天下第一纨绔,第1集,286408,0,跟电视剧可以比了
天下第一纨绔,第1集,247845,0,光天化日是黑夜，月黑风高是白天
天下第一纨绔,第1集,61921,5,如烟大帝
天下第一纨绔,第1集,8971,0,如烟酒窝好美
天下第一纨绔,第1集,225680,0,光天化日？？？
天下第一纨绔,第1集,253751,0,彩微婆婆
天下第一纨绔,第1集,59869,0,哇这一集时间不短呀
天下第一纨绔,第1集,541,0,颖宝的楚乔传bgm
天下第一纨绔,第1集,74647,0,如烟大帝
天下第一纨绔,第1集,225349,0,藏拙而已
天下第一纨绔,第1集,25352,0,哭哭[捂脸]
天下第一纨绔,第1集,208231,0,你都来妓院，你的脸呢
天下第一纨绔,第1集,184977,0,皇上自己在青楼，还说别人丢脸，不是你和他抢如烟的吗
天下第一纨绔,第1集,123814,0,同道中人啊
天下第一纨绔,第1集,131841,3,苏察哈尔灿
天下第一纨绔,第1集,64918,0,柳如烟
天下第一纨绔,第1集,10707,0,不香了
天下第一纨绔,第1集,49744,0,男女主是谁？
天下第一纨绔,第1集,279280,0,好
天下第一纨绔,第1集,68266,1,大家推荐，期待一下
天下第一纨绔,第1集,59903,0,如烟大帝
天下第一纨绔,第1集,82467,0,我[没看够]
天下第一纨绔,第1集,69340,0,哪里都有如烟大帝啊[捂脸][捂脸]
天下第一纨绔,第1集,211500,0,你自己也逛青楼，还说别人
天下第一纨绔,第1集,287527,4,水当武器牛啊
天下第一纨绔,第1集,49830,0,暴？
天下第一纨绔,第1集,293985,0,六脉神剑段誉的弟弟段金[笑哭][笑哭][笑哭][笑哭]
天下第一纨绔,第1集,13877,0,排第一看看
天下第一纨绔,第1集,47007,0,用的原声呀
天下第一纨绔,第1集,130652,1,[笑哭]苏小子，我劝你收敛点，这可是你未来的岳父
天下第一纨绔,第1集,195126,0,皇上吃醋了[害羞][害羞]
天下第一纨绔,第1集,207192,0,藏拙，要不然就没命了
天下第一纨绔,第1集,161122,0,比亲儿子好？不就是亲儿子？
天下第一纨绔,第1集,293114,2,太厉害了，水柱都能给他们打倒。
天下第一纨绔,第1集,160213,0,这是往废了养[笑哭][笑哭]
天下第一纨绔,第1集,91771,0,第二季过来的[笑哭]
天下第一纨绔,第1集,289689,9,弹指神功
天下第一纨绔,第1集,59815,0,如烟也是常青树
天下第一纨绔,第1集,73050,0,真丑
天下第一纨绔,第1集,17362,1,挺好看的
天下第一纨绔,第1集,77681,0,怎么每个剧都少不了如烟名字[捂脸]
天下第一纨绔,第1集,249874,2,短剧都这么多群演了嘛？[捂脸]
天下第一纨绔,第1集,156981,0,捧杀吧
天下第一纨绔,第1集,13548,0,天下第一直夸
天下第一纨绔,第1集,159545,0,捧杀[笑哭]
天下第一纨绔,第1集,120836,0,长的想周迅啊，挺漂亮
天下第一纨绔,第1集,2713,0,公子原来怀有绝世武功啊！
天下第一纨绔,第1集,62017,0,如烟[爱慕][爱慕][爱慕]
天下第一纨绔,第1集,78863,0,不
天下第一纨绔,第1集,63455,0,这皇帝还是春楼[捂脸][捂脸][捂脸]
天下第一纨绔,第1集,235024,0,干正事怕人抢江山，不干正事嫌人家纨绔
天下第一纨绔,第1集,288998,18,化神了
天下第一纨绔,第1集,175649,0,你自己不是吗
天下第一纨绔,第1集,69065,0,如烟大帝
天下第一纨绔,第1集,9509,0,大制作
天下第一纨绔,第1集,56826,0,琅琊榜的含金量还在上升
天下第一纨绔,第1集,65297,0,柳如烟
天下第一纨绔,第1集,126188,0,张云龙
天下第一纨绔,第1集,11747,0,双面燕洵
天下第一纨绔,第1集,42892,0,有人吗
天下第一纨绔,第1集,72304,0,我现在火气很大
天下第一纨绔,第1集,71895,0,柳如烟么，我是宋明雪[爽]
天下第一纨绔,第1集,68715,0,柳如烟
天下第一纨绔,第1集,11036,0,很精致
天下第一纨绔,第1集,35206,0,大内总管专业户
天下第一纨绔,第1集,68105,0,垫底的如烟大帝
天下第一纨绔,第1集,253539,0,这功力化神期大圆满
天下第一纨绔,第1集,264123,0,放开她，放开我，哈哈哈哈哈
天下第一纨绔,第1集,52445,0,不要怕
天下第一纨绔,第1集,73563,0,如烟大地
天下第一纨绔,第1集,68347,0,只好再生一个
天下第一纨绔,第1集,252897,1,水珠攻击，厉害[送花]
天下第一纨绔,第1集,32122,2,为看第二季 来二刷了
天下第一纨绔,第1集,290367,0,好剧就是原音
天下第一纨绔,第1集,43124,0,老登你女是个好宝贝
天下第一纨绔,第1集,242394,0,抱紧啊
天下第一纨绔,第1集,258928,2,神仙啊[笑哭]
天下第一纨绔,第1集,14269,0,开局就留下雄鹰般的我
天下第一纨绔,第1集,72275,0,处处柳如烟
天下第一纨绔,第1集,195505,0,这个比如烟漂亮[笑哭]
天下第一纨绔,第1集,61995,0,上部剧来了个如烟大帝现在又一个如烟大帝[尬笑][尬笑]
天下第一纨绔,第1集,49558,0,彩彩彩[赞]
天下第一纨绔,第1集,266527,5,就是为了这个特效来的，漂亮[鼓掌]
天下第一纨绔,第1集,15012,0,梦回大唐
天下第一纨绔,第1集,272716,0,阻止不是击杀
天下第一纨绔,第1集,169031,2,韬光养晦
天下第一纨绔,第1集,242856,0,剧组有钱，好多群演[鼓掌]
天下第一纨绔,第1集,213501,0,哈……？这是皇上呀
天下第一纨绔,第1集,67967,0,如烟大帝
天下第一纨绔,第1集,300704,0,高手在人间
天下第一纨绔,第1集,299025,0,玄幻剧啊
天下第一纨绔,第1集,72111,0,如烟大帝[赞]
天下第一纨绔,第1集,238981,0,你皇帝自己不都跑青楼来了？
天下第一纨绔,第1集,237121,0,如烟大帝，羞辱过无数位面之子
天下第一纨绔,第1集,24603,0,来看看
天下第一纨绔,第1集,22466,0,有看过的吗？好看吗？
天下第一纨绔,第1集,62582,0,如烟大帝来了
天下第一纨绔,第1集,59986,0,如烟大帝，无所不在[笑哭]
天下第一纨绔,第1集,68354,0,这也配叫如烟大帝的名号[捂脸]
天下第一纨绔,第1集,293352,0,厉害
天下第一纨绔,第1集,60715,0,皇帝居然没有后宫，儿子都没有[笑哭]
天下第一纨绔,第1集,32766,0,看点赞高进来看看
天下第一纨绔,第1集,61160,0,如烟大帝
天下第一纨绔,第1集,72614,1,路平
天下第一纨绔,第1集,239475,0,《光天化日》日在哪儿？
天下第一纨绔,第1集,65020,0,果然如烟大帝没丑过
天下第一纨绔,第1集,72354,0,无处不在的柳如烟
天下第一纨绔,第1集,59739,0,完了如烟大帝又出现了
天下第一纨绔,第1集,116541,0,男主傻不拉几的
天下第一纨绔,第1集,44293,1,林大宝
天下第一纨绔,第1集,143370,0,这个造型最好看
天下第一纨绔,第1集,296296,1,这么厉害？
天下第一纨绔,第1集,83477,0,如烟大帝恐怖如斯
天下第一纨绔,第1集,90559,0,苏乞儿？
天下第一纨绔,第1集,13833,0,忘了第一部剧情了[捂脸]
天下第一纨绔,第1集,60683,0,[捂脸]短剧总不缺如烟
天下第一纨绔,第1集,77908,0,这太监演的好，赏
天下第一纨绔,第1集,66590,0,为什么问？不好看。[奸笑]
天下第一纨绔,第1集,70133,0,如烟大帝
天下第一纨绔,第1集,12334,0,如烟大帝
天下第一纨绔,第1集,209318,0,这皇帝好搞笑，他自己不也来青楼吗？装什么
天下第一纨绔,第1集,172753,1,皇帝你不也来了嘛[捂脸][捂脸][捂脸]
天下第一纨绔,第1集,260600,1,好剧
天下第一纨绔,第1集,196395,1,这皇帝可以
天下第一纨绔,第1集,46016,0,皇帝有点像鸠摩智
天下第一纨绔,第1集,206792,0,自己都逛青楼了，还说人家[笑哭]
天下第一纨绔,第1集,73285,0,片刻？大胆！
天下第一纨绔,第1集,143385,0,以前也叫买单？
天下第一纨绔,第1集,75708,0,皇帝也敢出入青楼？没有史官口诛笔伐吗？
天下第一纨绔,第1集,299836,0,合理合理
天下第一纨绔,第1集,285931,0,取消
天下第一纨绔,第1集,14731,0,怡红院，有趣[爽][爽][爽]
天下第一纨绔,第1集,38282,0,柱子叔
天下第一纨绔,第1集,139685,3,乔振宇
天下第一纨绔,第1集,166674,1,同道中人[鼓掌]
天下第一纨绔,第1集,10396,0,大制作
天下第一纨绔,第1集,205027,0,皇帝上青楼[捂脸][捂脸]
天下第一纨绔,第1集,78905,0,如烟真是短剧的名人啊[笑哭]
天下第一纨绔,第1集,67287,0,如烟大帝
天下第一纨绔,第1集,15265,0,我要穿越
天下第一纨绔,第1集,22563,0,好舞蹈。赏[思考]
天下第一纨绔,第1集,66404,0,哈哈哈哈[笑哭][笑哭]
天下第一纨绔,第1集,146128,3,皇上也去找[捂脸]
天下第一纨绔,第1集,44688,0,刘阿斗
天下第一纨绔,第1集,294887,0,我擦，弹指神通
天下第一纨绔,第1集,64165,0,如烟大帝[尬笑][尬笑]
天下第一纨绔,第1集,74172,0,姓柳名花
天下第一纨绔,第1集,48495,0,大制作[赞]
天下第一纨绔,第1集,76518,0,只要叫如烟的都是反派[捂脸]
天下第一纨绔,第1集,83430,0,这也是借口吗
天下第一纨绔,第1集,38150,0,回来二刷了
天下第一纨绔,第1集,51478,0,都是长剧演员啊[捂脸][捂脸][捂脸]
天下第一纨绔,第1集,274383,0,大制作
天下第一纨绔,第1集,71235,1,柳如烟
天下第一纨绔,第1集,13439,0,楚乔传配乐
天下第一纨绔,第1集,394,5,刷了3遍了很好看
天下第一纨绔,第1集,9013,0,大制作啊
天下第一纨绔,第1集,48931,0,这太监好熟悉
天下第一纨绔,第1集,300765,0,开局就是无敌[捂脸]
天下第一纨绔,第1集,29185,0,大概是喜剧了 这个太监很眼熟
天下第一纨绔,第1集,38159,0,这皇帝 一点也不气派
天下第一纨绔,第1集,174569,0,捧杀
天下第一纨绔,第1集,156391,0,我一直有个疑问，古代真的有这种地方吗？这么公开
天下第一纨绔,第1集,287504,2,陆地神仙？
天下第一纨绔,第1集,177974,0,路平
天下第一纨绔,第1集,69814,0,我老公的听书主角一年四季但是如烟[捂脸][捂脸]
天下第一纨绔,第1集,1705,0,这手机好卡呀！
天下第一纨绔,第1集,72051,0,没有如烟大帝就是没有灵魂[爽][爽]
天下第一纨绔,第1集,95114,0,如烟真厉害
天下第一纨绔,第1集,75708,0,刘如烟
天下第一纨绔,第1集,286817,0,是我
天下第一纨绔,第1集,275987,0,你
天下第一纨绔,第1集,63398,0,如烟大帝
天下第一纨绔,第1集,52366,0,女帝也比武招亲[笑哭]
天下第一纨绔,第1集,257399,6,原声好评
天下第一纨绔,第1集,293417,0,闹呢
天下第一纨绔,第1集,65577,0,如烟大帝
天下第一纨绔,第1集,75719,0,如烟的白月光
天下第一纨绔,第1集,161831,0,小秦氏的套路
天下第一纨绔,第1集,85786,0,版本Ti一女配如烟大帝……
天下第一纨绔,第1集,105925,0,庆余年BGM
天下第一纨绔,第1集,293699,0,当年的杨过都没你这么厉害[捂脸]
天下第一纨绔,第1集,48517,0,好不好看啊！
天下第一纨绔,第1集,169092,0,如果不这样，他的命就没了
天下第一纨绔,第1集,22689,0,看看先
天下第一纨绔,第1集,257677,0,就喜欢人气多豪华版短剧[赞]
天下第一纨绔,第1集,241030,0,柳如烟本就是青楼名妓
天下第一纨绔,第1集,291997,6,弹指神通
天下第一纨绔,第1集,60156,0,如烟大帝
天下第一纨绔,第1集,156903,10,顾二小秦氏
天下第一纨绔,第1集,56082,0,看第二遍 冲着男主来，我是男的，喜欢男主太帅了
天下第一纨绔,第1集,289686,0,过于神话了哈
天下第一纨绔,第1集,67048,0,如烟大帝
天下第一纨绔,第1集,64543,0,这反转[捂脸]
天下第一纨绔,第1集,294616,0,弹指神功[捂脸]
天下第一纨绔,第1集,98350,0,如烟大帝
天下第一纨绔,第1集,75023,2,这不是柱子叔
天下第一纨绔,第1集,291048,2,大制作
天下第一纨绔,第1集,77203,0,额记录[捂脸]
天下第一纨绔,第1集,60851,0,大帝分身无处不在[笑哭]
天下第一纨绔,第1集,47937,0,这是喜剧？？？？
天下第一纨绔,第1集,246681,11,皇帝都天天逛窑子。上梁不正下梁歪[捂脸]
天下第一纨绔,第1集,35337,1,演太监这个好眼熟啊[捂脸]
天下第一纨绔,第1集,70656,7,果然古装剧少不了如烟大帝[偷笑]
天下第一纨绔,第1集,66148,0,[奸笑]如烟大帝，你的小姐妹，凝冰，幼楚呢？
天下第一纨绔,第1集,63416,0,这也不好看呐
天下第一纨绔,第1集,227485,0,鲁班[笑哭]
天下第一纨绔,第1集,7638,0,重温 再看第二季
天下第一纨绔,第1集,290453,0,喜欢看隐士高人[鼓掌][鼓掌]
天下第一纨绔,第1集,238344,0,阿达西干嘛呢[捂脸]
天下第一纨绔,第1集,169973,0,捧杀
天下第一纨绔,第1集,18188,0,百花含羞柳如烟
天下第一纨绔,第1集,276539,17,剧组资金雄厚！
天下第一纨绔,第1集,85151,0,是如烟大帝来了吗？
天下第一纨绔,第1集,183019,0,要玉佩的女的有点像品如啊
天下第一纨绔,第1集,123238,0,全民皆想柳如烟
天下第一纨绔,第1集,232599,3,这皇帝真好看[爱慕]
天下第一纨绔,第1集,36360,0,真的吗？
天下第一纨绔,第1集,179605,25,皇上你不也在这，就别说人家了
天下第一纨绔,第1集,57262,0,摄影太棒了[爱慕][赞]
天下第一纨绔,第1集,68560,5,柳如烟
天下第一纨绔,第1集,77395,0,太监也是老演员
天下第一纨绔,第1集,195622,0,皇帝自己找，还不让别人去玩
天下第一纨绔,第1集,296851,0,神功大成[捂脸][捂脸][捂脸]
天下第一纨绔,第1集,135815,0,[送花]你人还挺好
天下第一纨绔,第1集,153751,0,养废了
天下第一纨绔,第1集,176957,1,路平？
天下第一纨绔,第1集,163083,0,苏灿吗？
天下第一纨绔,第1集,210473,4,演技都不错
天下第一纨绔,第1集,38351,0,刷了二十遍了，很好看
天下第一纨绔,第1集,45178,0,好看吗
天下第一纨绔,第1集,303864,0,男主上戏的，科班出身[鼓掌]
天下第一纨绔,第1集,45585,0,在妓院比武？笑死我了
天下第一纨绔,第1集,69974,0,柳如烟[偷笑]
天下第一纨绔,第1集,72872,0,如烟大帝
天下第一纨绔,第1集,63785,0,如烟大帝
天下第一纨绔,第1集,71433,0,又是柳如烟[捂脸][捂脸][捂脸]
天下第一纨绔,第1集,92479,0,如烟大帝
天下第一纨绔,第1集,26373,0,感觉不咋地[笑哭]
天下第一纨绔,第1集,173444,1,他不藏拙，他家就功高盖主引起皇帝猜忌了
天下第一纨绔,第1集,22577,0,啊
天下第一纨绔,第1集,124772,0,一个个丑得各有千秋
天下第一纨绔,第1集,64867,0,到處都是如煙
天下第一纨绔,第1集,215000,0,知道马云为什么低调了吧？[笑哭]
天下第一纨绔,第1集,289218,1,最喜欢男主是纨绔的剧了
天下第一纨绔,第1集,60139,0,三千佳丽，你就整一个独女？
天下第一纨绔,第1集,63906,0,如烟大帝！
天下第一纨绔,第1集,79134,0,这太监是不是演过庆余年
天下第一纨绔,第1集,204809,0,顾二
天下第一纨绔,第1集,290833,0,三分归元气
天下第一纨绔,第1集,98295,0,如烟大地
天下第一纨绔,第1集,248112,12,群演不少呀
天下第一纨绔,第1集,70247,0,如烟大帝[捂脸][捂脸]
天下第一纨绔,第1集,63985,0,如烟爱老虎油[爱慕]
天下第一纨绔,第1集,70284,0,看啥都有如烟
天下第一纨绔,第1集,13191,0,柱子叔好
天下第一纨绔,第1集,14833,3,有二刷的吗？
天下第一纨绔,第1集,119258,0,跟皇帝做姨夫呢
天下第一纨绔,第1集,25606,0,昏君吗
天下第一纨绔,第1集,101152,0,这男主，，，穿的是韩烨的衣服吧[捂脸][捂脸][捂脸]
天下第一纨绔,第1集,68950,0,如烟大地
天下第一纨绔,第1集,162210,0,这不就是捧杀。
天下第一纨绔,第1集,204060,0,这皇帝没有帝相
天下第一纨绔,第1集,255542,3,原声不错
天下第一纨绔,第1集,17130,0,大制作
天下第一纨绔,第1集,34106,0,现场收音？
天下第一纨绔,第1集,91161,3,罗晋既视感
天下第一纨绔,第1集,73065,0,如烟大帝来了
天下第一纨绔,第1集,160022,0,这是苏乞丐的桥段？[吃瓜][吃瓜][吃瓜]
天下第一纨绔,第1集,253414,0,徐锦江
天下第一纨绔,第1集,69949,0,还有如烟大帝[捂脸][捂脸]
天下第一纨绔,第1集,41762,0,陛下的服装怎么像个官老爷，这么简朴吗
天下第一纨绔,第1集,90223,1,如烟大帝一直在，流水的主角
天下第一纨绔,第1集,45894,0,好看好看
天下第一纨绔,第1集,76926,0,柳如烟大帝来了
天下第一纨绔,第1集,183272,0,净给些没人要的东西
天下第一纨绔,第1集,67793,0,短剧必备如烟大帝
天下第一纨绔,第1集,112549,0,梅姨可以[捂脸]
天下第一纨绔,第1集,75693,0,如烟大帝[大笑]
天下第一纨绔,第1集,209973,2,天不生我柳如烟
天下第一纨绔,第1集,74413,0,得劲
天下第一纨绔,第1集,213574,1,在外面面前肯定要喊家主啊，不然皇帝微服私访就暴露了
天下第一纨绔,第1集,159500,0,捧杀
天下第一纨绔,第1集,292807,0,这特效用心啊[笑哭][笑哭]
天下第一纨绔,第1集,38999,0,曹操也要参加吗
天下第一纨绔,第1集,61863,0,如烟大帝
天下第一纨绔,第1集,72099,0,看过预告[笑哭]
天下第一纨绔,第1集,73965,0,天下第一柳如烟大帝
天下第一纨绔,第1集,66284,0,皇上P c？
天下第一纨绔,第1集,66495,0,如烟大帝吗[笑哭][笑哭][笑哭]
天下第一纨绔,第1集,70178,2,這如烟大帝古代戲劇少不了他[捂脸][捂脸]
天下第一纨绔,第1集,8154,0,大制作[赞]
天下第一纨绔,第1集,242683,0,徐锦江是伏笔[捂脸]
天下第一纨绔,第1集,62314,0,如烟大帝
天下第一纨绔,第1集,77746,0,如烟祭天法力无边[赞]
天下第一纨绔,第1集,56958,0,这皇帝说话太弱了吧
天下第一纨绔,第1集,52736,0,比武招亲，来这烟花之地干什么
天下第一纨绔,第1集,173929,0,你个皇帝逛青楼好意思说人家[捂脸]
天下第一纨绔,第1集,261885,0,枪法不错[笑哭]
天下第一纨绔,第1集,27868,0,好看吗？
天下第一纨绔,第1集,135191,0,柳如烟这名这么多人用啊
天下第一纨绔,第1集,162477,0,想养废
天下第一纨绔,第1集,221663,0,你要我命都可以，但是我的钱你不能动
天下第一纨绔,第1集,286316,8,[捂脸]这滴水，好厉害
天下第一纨绔,第1集,172317,0,又是捧杀的计量
天下第一纨绔,第1集,87966,1,短剧大帝，柳如烟，楚嫣然[捂脸]
天下第一纨绔,第1集,61146,0,又是柳如烟吗
天下第一纨绔,第1集,180301,1,皇帝和苏羽二公子成了连襟[捂脸]
天下第一纨绔,第1集,64081,0,如烟大帝[偷笑][偷笑][偷笑]
天下第一纨绔,第1集,27217,0,大蜘蛛
天下第一纨绔,第1集,173433,0,皇帝好意思说
天下第一纨绔,第1集,19563,5,看了一个星期短剧了，可算是看见一个男皇帝了[捂脸]
天下第一纨绔,第1集,213823,0,你一个皇帝都来青楼，有脸说别人
天下第一纨绔,第1集,196171,0,我说这侍卫怎么这么眼熟，竟然是路平[捂脸]
天下第一纨绔,第1集,23651,0,男主太帅了
天下第一纨绔,第1集,208077,0,皇帝都来青楼了，不让富二代来？
天下第一纨绔,第1集,27830,0,专业太监
天下第一纨绔,第1集,289421,0,好看，坐等第三季！
天下第一纨绔,第1集,79978,0,如烟大帝登场[偷笑][偷笑]
天下第一纨绔,第1集,211031,0,笑死皇帝自己都来了，还不让百姓来？[思考]
天下第一纨绔,第1集,34760,0,为了看第二季来刷第一部[笑哭][笑哭]
天下第一纨绔,第1集,197206,0,陛下气性挺大啊[偷笑]
天下第一纨绔,第1集,97402,2,苏乞儿
天下第一纨绔,第1集,151156,0,捧杀
天下第一纨绔,第1集,272835,0,好剧，符合国情[赞][赞]
天下第一纨绔,第1集,92161,0,柳如烟是什么梗
天下第一纨绔,第1集,72352,0,如烟大帝
天下第一纨绔,第1集,290816,0,是的，甚平
天下第一纨绔,第1集,75363,5,如烟大帝
天下第一纨绔,第1集,125861,0,大王，来抓我呀[飞吻][飞吻]
天下第一纨绔,第1集,295080,0,机关枪呀？[笑哭][笑哭]
天下第一纨绔,第1集,50154,0,原声还是好看
天下第一纨绔,第1集,73870,0,如烟大帝
天下第一纨绔,第1集,167174,0,这叫捧杀
天下第一纨绔,第1集,267192,0,大制作
天下第一纨绔,第1集,49925,0,大盐
天下第一纨绔,第1集,213990,0,男主帅一点就好了
天下第一纨绔,第1集,31566,0,一看就是无厘头
天下第一纨绔,第1集,119058,0,和皇帝抢女人喽
天下第一纨绔,第1集,12606,0,我怎么欣赏不来？
天下第一纨绔,第1集,91543,0,他说啥？买单？
天下第一纨绔,第1集,69164,0,反差这么大吗[捂脸]
天下第一纨绔,第1集,290226,0,弹指神功哇，好厉害[笑哭][笑哭][笑哭]……
天下第一纨绔,第1集,53076,0,看了好几遍了
天下第一纨绔,第1集,133928,0,女版阚清子
天下第一纨绔,第1集,67078,0,如烟大帝恐怖如斯
天下第一纨绔,第1集,68875,0,如烟大帝
天下第一纨绔,第1集,73446,0,如烟大帝
天下第一纨绔,第1集,99393,0,苏察哈尔灿？[笑哭]
天下第一纨绔,第1集,76467,0,如烟大帝来也
天下第一纨绔,第1集,231120,0,皇帝自己都去青楼，下面的能好到哪里去
天下第一纨绔,第1集,211600,0,皇帝都玩上了[捂脸]
天下第一纨绔,第1集,117956,0,苏乞儿
天下第一纨绔,第1集,63568,0,开屏暴击，如烟大帝
天下第一纨绔,第1集,302415,0,接招吧子弹水珠[鼓掌]
天下第一纨绔,第1集,204665,0,着太监老演员了
天下第一纨绔,第1集,76600,0,如烟大帝[你细品]
天下第一纨绔,第1集,75035,0,如烟大帝
天下第一纨绔,第1集,129174,0,皇帝好帅好稀饭，是谁演的[爱慕]
天下第一纨绔,第1集,96601,0,陛下特烦恼[偷笑]
天下第一纨绔,第1集,172195,0,他娘穿越者？
天下第一纨绔,第1集,300428,0,还有高手？
天下第一纨绔,第1集,25837,0,李鸿萍我爱你
天下第一纨绔,第1集,63138,0,又是如烟[偷笑]
天下第一纨绔,第1集,89052,1,武状元苏乞儿？
天下第一纨绔,第1集,92233,1,苏乞儿来了
天下第一纨绔,第1集,80848,0,皇帝也嫖娼吗？
天下第一纨绔,第1集,60072,0,皇帝如果只有一个独女，那必然不是亲生，皇帝不孕不育
天下第一纨绔,第1集,221087,0,长剧的质感
天下第一纨绔,第1集,156933,0,捧杀[笑哭]
天下第一纨绔,第1集,81569,0,陛下才是纨绔
天下第一纨绔,第1集,294688,0,这么厉害的！比郭靖、乔峰厉害啊……水珠打人
天下第一纨绔,第1集,163708,0,故意养废的吧
天下第一纨绔,第1集,75621,0,这个娘娘腔演了好几部剧了，其实他演得不错的
天下第一纨绔,第1集,12688,1,这剧不错，二刷
天下第一纨绔,第1集,7930,3,短剧越来越精致了
天下第一纨绔,第1集,64457,6,这姑娘不会姓柳吧？
天下第一纨绔,第1集,281864,0,有权有势不就这样
天下第一纨绔,第1集,292662,1,厉害了[鼓掌]
天下第一纨绔,第1集,18523,0,国色芳华的音乐不是楚乔传的
天下第一纨绔,第1集,12737,0,BGM不错
天下第一纨绔,第1集,73418,0,片刻
天下第一纨绔,第1集,71567,0,如烟大帝
天下第一纨绔,第1集,27677,0,杨钊，杨国忠嘛？
天下第一纨绔,第1集,253588,2,大制作啊
天下第一纨绔,第1集,260603,0,纨绔快来
天下第一纨绔,第1集,88760,1,如烟大帝又来了
天下第一纨绔,第1集,36645,1,电影画质[赞]
天下第一纨绔,第1集,175339,0,皇帝还逛青楼
天下第一纨绔,第1集,67064,0,短剧是柳如烟的天下[偷笑][偷笑]
天下第一纨绔,第1集,109309,0,武状元苏乞儿嘛
天下第一纨绔,第1集,45796,0,好看
天下第一纨绔,第1集,112837,0,如烟大帝
天下第一纨绔,第1集,294398,0,厉害
天下第一纨绔,第1集,12075,2,这剧好看吗
天下第一纨绔,第1集,60630,0,柳如烟？
天下第一纨绔,第1集,41009,1,公孙瑾
天下第一纨绔,第1集,203527,0,这皇帝来干嘛的[捂脸]
天下第一纨绔,第1集,255446,2,大制作[鼓掌]
天下第一纨绔,第1集,153296,3,哦，顾廷烨的既视感
天下第一纨绔,第1集,68554,0,每部都有个如烟大帝[笑哭][笑哭]
天下第一纨绔,第1集,66639,0,如烟大帝
天下第一纨绔,第1集,185802,0,皇帝成天逛青楼，一个无官无职的二代逛青楼，就罪大恶极[捂脸]
天下第一纨绔,第1集,18316,0,第二季出了忘了第一季。。。
天下第一纨绔,第1集,186768,0,皇帝逛青楼，[捂脸][捂脸][捂脸][捂脸]
天下第一纨绔,第1集,37142,0,演太监的这个憨憨演啥都挺好看的[捂脸][笑哭][偷笑]
天下第一纨绔,第1集,40258,2,我也想演皇帝
天下第一纨绔,第1集,80047,0,毁我小甜甜形象
天下第一纨绔,第1集,199638,0,这个皇上演的气质不够好
天下第一纨绔,第1集,268038,0,徐锦江的无敌风火轮[笑哭]
天下第一纨绔,第1集,303380,0,升级了1块钱特效
天下第一纨绔,第1集,143601,0,自己做皇帝到青楼就不以为然，还跟妓女搂抱不丢份吗[捂脸]
天下第一纨绔,第1集,84948,0,如烟爱了
天下第一纨绔,第1集,27196,0,真的好看吗
天下第一纨绔,第1集,12520,0,大制作啊[爽]
天下第一纨绔,第1集,79637,0,皇帝吃[捂脸][捂脸][捂脸][捂脸][捂脸]
天下第一纨绔,第1集,75711,0,啊？？？皇帝？？合理
天下第一纨绔,第1集,50263,1,好高清啊[赞][赞][赞][赞][赞]
天下第一纨绔,第1集,64671,0,给如烟大帝上终身勤奋奖[鼓掌]
天下第一纨绔,第1集,71693,0,这版如烟差点意思啊
天下第一纨绔,第1集,71322,0,如烟大帝
天下第一纨绔,第1集,34309,0,我以为是老马的第一纨绔[捂脸][捂脸][捂脸]
天下第一纨绔,第1集,251215,0,百万群众
天下第一纨绔,第1集,154799,0,能不能让我演
天下第一纨绔,第1集,299964,0,这修仙呢这是
天下第一纨绔,第1集,93565,0,今天全场苏公子消费[捂脸]
天下第一纨绔,第1集,63708,1,如烟[偷笑]
天下第一纨绔,第1集,293253,0,弹指神通
天下第一纨绔,第1集,69594,0,皇帝逛窑子？？？
天下第一纨绔,第1集,293741,0,哈哈。高手啊
天下第一纨绔,第1集,68420,3,柳如烟？？？名人啊
天下第一纨绔,第1集,244946,0,布先生
天下第一纨绔,第1集,7056,0,这音乐爱了爱了
天下第一纨绔,第1集,30741,0,回评:好看，公主十分善解人意，和驸马十分恩爱[送花]
天下第一纨绔,第1集,25928,1,这不庆余年里面宰相的儿子吗？
天下第一纨绔,第1集,41095,0,刘季一万钱
天下第一纨绔,第1集,69553,0,[笑哭] 虽迟必到 如烟
天下第一纨绔,第1集,226155,0,皇帝都来嫖娼，还说别人[捂脸]
天下第一纨绔,第1集,159530,0,捧杀
天下第一纨绔,第1集,65797,0,如烟大帝恐怖如斯
天下第一纨绔,第1集,208880,0,皇帝不也青楼记苑还说别人
天下第一纨绔,第1集,7815,0,现在短剧质量真高
天下第一纨绔,第1集,125926,0,纨绔不代表没干正事。
天下第一纨绔,第1集,31414,0,好看！爱看，喜欢看
天下第一纨绔,第1集,108131,0,庆余年的BGM
天下第一纨绔,第1集,96725,0,看来这剧没有太子之争[偷笑]
天下第一纨绔,第1集,42633,0,好看吗？回答我
天下第一纨绔,第1集,70308,0,看来是搞笑片
天下第一纨绔,第1集,60765,0,什么，又是如烟大帝
天下第一纨绔,第1集,8744,0,老安哥 驾到[鼓掌][鼓掌][鼓掌][送花]
天下第一纨绔,第1集,74253,0,如烟大帝在此，通通跪安
天下第一纨绔,第1集,12001,0,如烟姑娘香啊
天下第一纨绔,第1集,203649,1,好看爱看
天下第一纨绔,第1集,173881,0,皇上也嫖娼？
天下第一纨绔,第1集,69365,1,茹烟大帝来了
天下第一纨绔,第1集,71634,0,如烟大帝
天下第一纨绔,第1集,12550,0,接着奏乐接着舞
天下第一纨绔,第1集,9023,0,看收藏不咋地
天下第一纨绔,第1集,9877,0,大手笔
天下第一纨绔,第1集,213217,0,自己来找女的，结果说人家纨绔
天下第一纨绔,第1集,116483,0,现在的富豪，没法和这个比，撒银票[笑哭]
天下第一纨绔,第1集,66266,0,又是如烟大帝
天下第一纨绔,第1集,67690,0,如烟大帝
天下第一纨绔,第1集,190043,0,净给些没人要的东西
天下第一纨绔,第1集,54179,0,群演就是大制作，有看头[爱慕][爱慕][爱慕]
天下第一纨绔,第1集,168954,0,惯着他是害了他，从神童养成纨绔了，要不是剧情，就废了
天下第一纨绔,第1集,264887,0,不是剧组有钱，是剧组有鸡腿，我才群演的[捂脸][捂脸]
天下第一纨绔,第1集,69378,0,如烟大帝
天下第一纨绔,第1集,27808,1,柱子叔
天下第一纨绔,第1集,210331,0,陛下有意思，五十步啊
天下第一纨绔,第1集,37420,0,还有第三季呢
天下第一纨绔,第1集,79782,0,一看就不好看
天下第一纨绔,第1集,30139,0,这是老马演的吗
天下第一纨绔,第1集,254218,0,在青楼能遇见什么好人啊，国家未来的栋梁出在青楼也不太好吧
天下第一纨绔,第1集,67238,0,太监好熟悉
天下第一纨绔,第1集,150274,0,世子？
天下第一纨绔,第1集,74016,0,无处不在的如烟大帝
天下第一纨绔,第1集,292452,0,现在的人都比不上古代的人
天下第一纨绔,第1集,1211,1,厉害啊这水滴
天下第一纨绔,第1集,58898,0,如烟大帝[笑哭][笑哭][笑哭][笑哭]
天下第一纨绔,第1集,69794,0,好一般啊
天下第一纨绔,第1集,100579,0,苏乞儿[捂脸][捂脸][捂脸][捂脸]
天下第一纨绔,第1集,63361,0,如烟又来了
天下第一纨绔,第1集,71706,0,如烟大帝
天下第一纨绔,第1集,59126,0,如烟大帝：爱过，恨过，渣过就是没有丑过
天下第一纨绔,第1集,78934,0,片刻
天下第一纨绔,第1集,55952,0,女帝?
天下第一纨绔,第1集,207239,0,你是皇上都逛青楼，还有脸说别人[笑哭]
天下第一纨绔,第1集,116331,0,如烟大帝
天下第一纨绔,第1集,28849,0,这公公眼熟的很想不起来演啥
天下第一纨绔,第1集,77957,0,如烟大帝[捂脸]
天下第一纨绔,第1集,200237,0,这一集还挺长
天下第一纨绔,第1集,143136,0,包龙星
天下第一纨绔,第1集,292902,0,弹指神通
天下第一纨绔,第1集,139829,1,武状元苏乞儿？
天下第一纨绔,第1集,57210,0,这不是元彪吗？
天下第一纨绔,第1集,80538,0,那么多叫如烟
天下第一纨绔,第1集,301093,0,有大高手
天下第一纨绔,第1集,183474,0,这哪是对他好 这是往废里养
天下第一纨绔,第1集,73344,0,如烟是导演吧？
天下第一纨绔,第1集,170967,0,捧杀
天下第一纨绔,第1集,43398,5,这剧组好有钱的感觉
天下第一纨绔,第1集,64414,1,如烟大帝
天下第一纨绔,第1集,305290,0,这纨绔世子厉害了啊
天下第一纨绔,第1集,296622,0,水弹
天下第一纨绔,第1集,81056,0,如烟大帝
天下第一纨绔,第1集,251204,0,群演招人吗 我免费
天下第一纨绔,第1集,81103,0,是好烟一定姓柳[捂脸]
天下第一纨绔,第1集,76114,0,这个皇帝的人选有点草率了啊
天下第一纨绔,第1集,152065,0,捧杀，妥妥的捧杀
天下第一纨绔,第1集,89503,0,为啥那个古代短剧都有刘如烟。
天下第一纨绔,第1集,172871,0,不是 你说人家败坏权贵，你自己不也在青楼吗[笑哭]
天下第一纨绔,第1集,112571,0,如烟大帝恐怖如斯
天下第一纨绔,第1集,109887,1,梅姨好漂亮喔[送花]
天下第一纨绔,第1集,206527,0,在青楼喊陛下，可以
天下第一纨绔,第1集,67011,1,如烟好啊
天下第一纨绔,第1集,96180,0,苏乞儿[偷笑][偷笑][偷笑][偷笑]
天下第一纨绔,第1集,117405,4,苏乞儿
天下第一纨绔,第1集,8811,0,这短剧好看
天下第一纨绔,第1集,157096,0,亲儿子？小妾生的那也是亲儿子啊[笑哭]
天下第一纨绔,第1集,65631,2,是如烟！
天下第一纨绔,第1集,292101,0,水象子弹一样[捂脸][捂脸][捂脸]
天下第一纨绔,第1集,15556,0,我也是忘了第一了[捂脸]
天下第一纨绔,第1集,153940,0,捧杀！
天下第一纨绔,第1集,213545,0,你自己都逛青楼，还搁这愤世嫉俗呢
天下第一纨绔,第1集,300309,0,大场面
天下第一纨绔,第1集,8908,1,好看不
天下第一纨绔,第1集,67466,0,如烟大帝
天下第一纨绔,第1集,11673,0,大制作
天下第一纨绔,第1集,75778,0,往事如烟[捂脸]
天下第一纨绔,第1集,210645,0,这皇上自己都来妓院，还说别人
天下第一纨绔,第1集,115184,0,有点像罗晋啊男主[笑哭][笑哭]
天下第一纨绔,第1集,66557,0,如烟大帝[尬笑]
天下第一纨绔,第1集,251897,0,这不是合欢宗的大师兄么
天下第一纨绔,第1集,174058,2,顾二？
天下第一纨绔,第1集,43865,0,说元彪的眼神是不是有问题
天下第一纨绔,第1集,77481,0,哪都能看见如烟大帝
天下第一纨绔,第1集,188642,1,第一次看见玉佩有那么长的流苏
天下第一纨绔,第1集,73466,0,这不是好皇上
天下第一纨绔,第1集,222655,0,陛下，你自己不也逛青楼吗
天下第一纨绔,第1集,61384,0,如烟大帝
天下第一纨绔,第1集,70977,0,片刻[爽]
天下第一纨绔,第1集,96346,0,何以解忧？唯有如烟[捂脸][捂脸]
天下第一纨绔,第1集,113654,0,如烟是吧
天下第一纨绔,第1集,87179,0,到处是如烟
天下第一纨绔,第1集,229305,0,皇上强 皇上还来青楼 还嘲讽起纨绔来了
天下第一纨绔,第1集,105641,0,胖太监好久没见到你的戏了
天下第一纨绔,第1集,220087,0,皇帝逛窑子不允许人家逛
天下第一纨绔,第1集,64744,0,呕 吐
天下第一纨绔,第1集,55037,0,三针
天下第一纨绔,第1集,216554,0,你自己都俩青楼，你好意思说别人
天下第一纨绔,第1集,62957,0,如烟大帝又来了
天下第一纨绔,第1集,264557,2,这个剧组可以，群演多
天下第一纨绔,第1集,170810,0,是你带头没带好
天下第一纨绔,第1集,258611,4,第一次看这么多演员的短剧[爽]
天下第一纨绔,第1集,177362,0,我穿越了，如烟美女在哪？
天下第一纨绔,第1集,9776,0,这么大排场[鼓掌][鼓掌]
天下第一纨绔,第1集,7286,0,短剧中的大制作啊
天下第一纨绔,第1集,286815,0,出手了
天下第一纨绔,第1集,308236,0,有狙击手[捂脸]
天下第一纨绔,第1集,62576,0,如烟大帝
天下第一纨绔,第1集,280221,0,生死符？
天下第一纨绔,第1集,42999,0,不要广告
天下第一纨绔,第1集,253777,2,这剧组人多啊可以[偷笑]
天下第一纨绔,第1集,293496,0,生死符
天下第一纨绔,第1集,64677,0,又是如烟大帝[笑哭][笑哭][笑哭]
天下第一纨绔,第1集,237882,0,合理[捂脸][捂脸][捂脸][捂脸][捂脸][捂脸][笑哭]
天下第一纨绔,第1集,116113,3,苏乞儿
天下第一纨绔,第1集,213021,0,皇帝去青楼?
天下第一纨绔,第1集,274605,0,水枪不错[鼓掌][鼓掌][鼓掌]
天下第一纨绔,第1集,60401,0,不能多生几个？还皇帝家[笑哭]
天下第一纨绔,第1集,269068,0,自带AK
天下第一纨绔,第1集,83320,0,大概率姓柳
天下第一纨绔,第1集,99187,0,人家大方，怎么就跋扈了？编剧会不会用词[捂脸]
天下第一纨绔,第1集,129996,0,如烟大帝
天下第一纨绔,第1集,81171,0,异物志
天下第一纨绔,第1集,67054,0,如烟大帝
天下第一纨绔,第1集,74874,0,又是一个皇帝不爱后宫爱青楼
天下第一纨绔,第1集,246375,0,现实
天下第一纨绔,第1集,17449,0,大制作
天下第一纨绔,第1集,50874,0,皇帝也上青楼[思考]
天下第一纨绔,第1集,96737,0,皇帝也逛青楼[捂脸]
天下第一纨绔,第1集,173297,0,[笑哭][笑哭]他在青楼说别人丢脸
天下第一纨绔,第1集,63819,0,哈哈哈哈 又见如烟大帝[偷笑][偷笑][偷笑]
天下第一纨绔,第1集,253836,0,大制作
天下第一纨绔,第1集,10296,0,酒窝
天下第一纨绔,第1集,250437,2,徐锦江
天下第一纨绔,第1集,295782,0,弹指神通
天下第一纨绔,第1集,211421,0,你自己不也来逛青楼[捂脸][捂脸]
天下第一纨绔,第1集,206207,0,什么皇朝皇帝青楼抛头露面
天下第一纨绔,第1集,74621,0,如烟大帝
天下第一纨绔,第1集,35076,0,[笑哭]这演员咋演那么多太监呢
天下第一纨绔,第1集,5633,0,双面燕洵
天下第一纨绔,第1集,63666,0,如烟大帝[笑哭][笑哭]
天下第一纨绔,第1集,75820,1,如烟大帝[笑哭]
天下第一纨绔,第1集,13012,0,有意思[没看够]
天下第一纨绔,第1集,178822,2,刚才还喊陛下
天下第一纨绔,第1集,296998,0,弹指间帅
天下第一纨绔,第1集,128264,0,苏察哈尔灿[捂脸]
天下第一纨绔,第1集,70978,0,这是不是第二季啊
天下第一纨绔,第1集,204369,0,哈哈，第二季返回来第一季的有多少
天下第一纨绔,第1集,69540,0,如烟大帝
天下第一纨绔,第1集,285325,0,好像常华森
天下第一纨绔,第1集,162057,0,捧杀
天下第一纨绔,第1集,119186,0,张韶涵
天下第一纨绔,第1集,302666,0,六脉神剑
天下第一纨绔,第1集,238343,0,天黑 哪里来的光天化日
天下第一纨绔,第1集,297262,0,六脉神剑
天下第一纨绔,第1集,136830,0,如烟大帝
天下第一纨绔,第1集,239357,0,会叫的山羊[捂脸]
天下第一纨绔,第1集,83667,0,如烟大帝出场
天下第一纨绔,第1集,196330,1,玉佩伏笔
天下第一纨绔,第1集,69936,0,好看吗
天下第一纨绔,第1集,213907,0,陛下，你不也是在青楼吗
天下第一纨绔,第1集,65608,0,又是如烟大帝[捂脸][捂脸]
天下第一纨绔,第1集,176051,0,你一个皇上逛窑子不丢脸？
天下第一纨绔,第1集,57046,0,哈哈哈
天下第一纨绔,第1集,60232,0,大帝啊
天下第一纨绔,第1集,298476,0,弹水神通
天下第一纨绔,第1集,230791,9,群演还是比较多的
天下第一纨绔,第1集,79397,0,皇帝也是如烟的舔狗啊
天下第一纨绔,第1集,91039,0,赵公子柳如烟
天下第一纨绔,第1集,153088,0,脸丢尽了？那你是来干啥的？
天下第一纨绔,第1集,18572,0,伏笔来了
天下第一纨绔,第1集,6141,0,刚刚看了第二季，但不知道第一季的内容，又回来看一遍
天下第一纨绔,第1集,68689,0,[笑哭]只有片刻吗？
天下第一纨绔,第1集,69681,0,也就只能平静片刻[捂脸][捂脸]
天下第一纨绔,第1集,196141,0,好双标的皇帝你不是在青楼？
天下第一纨绔,第1集,80519,0,如烟大帝
天下第一纨绔,第1集,261742,0,群演确实多
天下第一纨绔,第1集,112629,0,男主很跳戏耶[捂脸]
天下第一纨绔,第1集,73578,0,如烟大帝
天下第一纨绔,第1集,291705,0,鱼人空手道[笑哭]
天下第一纨绔,第1集,80715,0,依旧如烟[捂脸]
天下第一纨绔,第1集,267849,0,国弱被人欺
天下第一纨绔,第1集,44238,0,短视频中的顶[赞]
天下第一纨绔,第1集,160082,1,苏灿
天下第一纨绔,第1集,289012,0,不好，有高手
天下第一纨绔,第1集,10744,0,人气好高，好看么？[爽][爽][爽]
天下第一纨绔,第1集,72152,0,如烟大帝来了[笑哭]
天下第一纨绔,第1集,68161,0,皇帝去青楼，这什么女频[尬笑]
天下第一纨绔,第1集,55467,0,好看就追[捂脸]
天下第一纨绔,第1集,50609,0,[爽][爽][爽][爽][爽]666美美哒
天下第一纨绔,第1集,194891,0,玉佩是伏笔
天下第一纨绔,第1集,60136,45,如烟姑娘可是姓柳？
天下第一纨绔,第1集,247684,0,徐锦江[捂脸]
天下第一纨绔,第1集,243395,0,这是光天化日吗
天下第一纨绔,第1集,55892,0,来
天下第一纨绔,第1集,261171,0,弹指神通
天下第一纨绔,第1集,60388,0,如烟大帝
天下第一纨绔,第1集,3612,0,真相大白
天下第一纨绔,第1集,65914,0,柳如烟每个古代片都有
天下第一纨绔,第1集,69256,2,柳如烟
天下第一纨绔,第1集,285850,1,徐锦江和樊少皇吗
天下第一纨绔,第1集,81251,0,哈哈[捂脸][捂脸]
天下第一纨绔,第1集,28802,0,小林子[偷笑]
天下第一纨绔,第1集,103582,2,大制作啊
天下第一纨绔,第1集,20782,0,公主太坏，有另一个女主就好了
天下第一纨绔,第1集,69303,1,柳如烟出场
天下第一纨绔,第1集,76004,0,如烟大帝
天下第一纨绔,第1集,119778,0,和皇帝争女人
天下第一纨绔,第1集,204367,0,皇帝也逛青楼[捂脸][捂脸]
天下第一纨绔,第1集,203514,0,你还在青楼[捂脸]
天下第一纨绔,第1集,65653,0,如烟大帝，虽迟但到[捂脸]
天下第一纨绔,第1集,64082,0,才一个孩子？
天下第一纨绔,第1集,70854,2,我猜她姓柳[送花]
天下第一纨绔,第1集,280066,0,霰弹手[捂脸]
天下第一纨绔,第1集,72138,0,那里都有如烟[笑哭]
天下第一纨绔,第1集,261087,0,这句有钱，这么多群员
天下第一纨绔,第1集,283398,0,攻击物是水滴！是！
天下第一纨绔,第1集,21997,0,原声大碟啊，棒
天下第一纨绔,第1集,67421,0,如烟大帝
天下第一纨绔,第1集,308820,0,装的挺象
天下第一纨绔,第1集,35112,0,这不老马的配角嘛
天下第一纨绔,第1集,29974,0,不好看[偷笑]
天下第一纨绔,第1集,294792,0,滴水穿石术
天下第一纨绔,第1集,155459,1,这个剧情也很熟悉嘛
天下第一纨绔,第1集,30196,0,老演员
天下第一纨绔,第1集,40602,0,这不是唐诡的黥夫嘛
天下第一纨绔,第1集,63586,0,如烟大帝
天下第一纨绔,第1集,156798,0,庆余年一样
天下第一纨绔,第1集,90184,0,短剧御用名字柳如烟[笑哭]
天下第一纨绔,第1集,152581,0,这是大夫人捧杀苏公子，放养养废[笑哭]
天下第一纨绔,第1集,244636,0,被抢的确定是美女？[什么]
天下第一纨绔,第1集,293259,0,这特技哈[鼓掌][偷笑]
天下第一纨绔,第1集,74066,0,周迅
天下第一纨绔,第1集,208187,0,自己都来
天下第一纨绔,第1集,67274,0,如烟大帝[笑哭][笑哭][笑哭]
天下第一纨绔,第1集,105492,0,这就跋扈了
天下第一纨绔,第1集,12227,2,好看吗
天下第一纨绔,第1集,3591,0,大场面
天下第一纨绔,第1集,35794,0,这个皇帝长得不适合当皇帝
天下第一纨绔,第1集,139878,0,像马景涛，特别是鼻子[捂脸]
天下第一纨绔,第1集,47368,0,这不是范闲他爹吗
天下第一纨绔,第1集,74209,0,如烟大帝
天下第一纨绔,第1集,75316,0,如烟大帝
天下第一纨绔,第1集,218037,0,你这皇帝怎么如此
天下第一纨绔,第1集,132521,0,张云龙???
天下第一纨绔,第1集,40073,0,下个最几兆？
天下第一纨绔,第1集,293938,0,可以上电视剧了
天下第一纨绔,第1集,259571,0,气人太生
天下第一纨绔,第1集,66889,0,如烟大帝无处不在呀
天下第一纨绔,第1集,238268,0,锦江？
天下第一纨绔,第1集,41049,0,好看不
天下第一纨绔,第1集,21199,0,关闭
天下第一纨绔,第1集,65184,0,如烟大帝
天下第一纨绔,第1集,197726,0,蜡烛演的是真不错
天下第一纨绔,第1集,43934,0,我来
天下第一纨绔,第1集,27103,0,智斗巅峰[赞]
天下第一纨绔,第1集,108855,0,好多美女
天下第一纨绔,第1集,304288,0,大制作
天下第一纨绔,第1集,119872,0,铁打的剧本流水的如烟
天下第一纨绔,第1集,147128,0,这不是安乐传韩烨太子的衣服吗
天下第一纨绔,第1集,148588,0,和未来老丈人票一个
天下第一纨绔,第1集,181065,0,我超[爱慕][爱慕][爱慕][爱慕][爱慕]
天下第一纨绔,第1集,63672,0,如烟大帝又来啦
天下第一纨绔,第1集,139188,3,苏擦哈尔灿
天下第一纨绔,第1集,67401,0,大伴专业户[捂脸]
天下第一纨绔,第1集,68218,0,如烟大帝
天下第一纨绔,第1集,76084,0,是柳如烟吧[捂脸]
天下第一纨绔,第1集,91657,0,终于刷到你了，找了很久。非常好看的一部短剧
天下第一纨绔,第1集,139411,1,不是镇北王吗[捂脸]
天下第一纨绔,第1集,62098,1,如烟大帝
天下第一纨绔,第1集,206162,0,你不是也来逛的吗[偷笑]
天下第一纨绔,第1集,73661,0,如烟[偷笑]
天下第一纨绔,第1集,170853,0,估计是装的[没看够]
天下第一纨绔,第1集,69439,0,大帝
天下第一纨绔,第1集,78863,0,通用女配名：如烟
天下第一纨绔,第1集,145867,1,这男演员不错
天下第一纨绔,第1集,67045,0,这有皇帝样吗[捂脸][捂脸]？
天下第一纨绔,第1集,10892,1,起手就放大招
天下第一纨绔,第1集,64570,0,雷打不动柳如烟
天下第一纨绔,第1集,272479,0,原声好评
天下第一纨绔,第1集,298045,0,弹指神通
天下第一纨绔,第1集,208507,0,你都来青楼了[捂脸]还有脸说别人
天下第一纨绔,第1集,64808,1,如烟大帝
天下第一纨绔,第1集,202076,2,李钊漂亮
天下第一纨绔,第1集,91817,0,欢呼声在哪里
天下第一纨绔,第1集,121589,0,如烟大帝
天下第一纨绔,第1集,276662,0,差點以為我看的是修仙片[捂脸][捂脸][捂脸]
天下第一纨绔,第1集,295484,0,第一纨绔
天下第一纨绔,第1集,219934,0,吾乃苏乞儿是也[捂脸]
天下第一纨绔,第1集,52847,0,李桂香我爱你
天下第一纨绔,第1集,64651,0,剧剧都有如烟[捂脸][捂脸]
天下第一纨绔,第1集,13260,0,开场大场面
天下第一纨绔,第1集,860,0,来啦来啦
天下第一纨绔,第1集,300160,2,这个眼神太帅了
天下第一纨绔,第1集,76559,0,如烟大帝
天下第一纨绔,第1集,169595,0,皇帝都逛青楼咯，能怪大臣么[捂脸]
天下第一纨绔,第1集,207505,0,你自己不也是在逛青楼吗？
天下第一纨绔,第1集,100001,1,庆余年bgm
天下第一纨绔,第1集,166095,0,这是要废了他不是为他好
天下第一纨绔,第1集,64831,0,基本每部短剧都有如烟大帝[捂脸]
天下第一纨绔,第1集,172264,0,低配镇北侯，高配镇北公，顶配镇北王[捂脸]
天下第一纨绔,第1集,61928,0,如烟大帝[捂脸]
天下第一纨绔,第1集,77848,0,如烟大帝[笑哭][笑哭][笑哭]
天下第一纨绔,第1集,202959,0,都是逛青楼，装什么清高
天下第一纨绔,第1集,81186,0,什么？皇帝也找青楼女子皇宫不是有三千的妃子了吗[捂脸]
天下第一纨绔,第1集,76828,0,如烟大帝
天下第一纨绔,第1集,29493,0,唐糖太爱你了
天下第一纨绔,第1集,74373,0,如烟大嫂！
天下第一纨绔,第1集,63231,0,如烟大帝登厂
天下第一纨绔,第1集,84734,0,王鸥
天下第一纨绔,第1集,127120,0,不认识？？
天下第一纨绔,第1集,212577,0,皇上也不是好东西 逛青楼
天下第一纨绔,第1集,19421,0,好看呐[鼓掌][鼓掌]
天下第一纨绔,第1集,46339,0,看下排名第一，拭目以待
天下第一纨绔,第1集,252681,0,揍他
天下第一纨绔,第1集,171961,0,不是 你个皇帝逛青楼 好意思骂别人？？？
天下第一纨绔,第1集,201116,0,没有皇帝气质
天下第一纨绔,第1集,37225,0,这皇上一点气势都没有
天下第一纨绔,第1集,218249,0,皇帝一样纨绔
天下第一纨绔,第1集,139234,0,楼上站的都是老演员
天下第一纨绔,第1集,113811,0,明明是徐凤年，
天下第一纨绔,第1集,65095,1,大帝出现！众生皆让！
天下第一纨绔,第1集,15077,0,我是从放手的风筝线那部剧过来的 还有谁是
天下第一纨绔,第1集,69462,0,柳如烟
天下第一纨绔,第1集,80083,0,又是柳如烟[捂脸]
天下第一纨绔,第1集,115957,0,如烟
天下第一纨绔,第1集,300301,1,这么厉害
天下第一纨绔,第1集,83323,0,流水的皇帝 铁打的如烟
天下第一纨绔,第1集,26360,1,双面燕洵
天下第一纨绔,第1集,211725,0,扮猪吃虎
天下第一纨绔,第1集,202273,0,公公演的真好[捂脸][捂脸]
天下第一纨绔,第1集,170646,0,男版阚清子
天下第一纨绔,第1集,69219,6,如烟大概率是个细作
天下第一纨绔,第1集,19949,1,好像元彪
天下第一纨绔,第1集,72146,2,如烟大帝颜值这块从来没失望过
天下第一纨绔,第1集,199574,0,不是，都是来找如烟的，谁比谁高贵[捂脸][尬笑]
天下第一纨绔,第1集,167711,0,捧杀
天下第一纨绔,第1集,269994,0,自己都来青楼还有脸说群臣儿女纨绔
天下第一纨绔,第1集,251085,0,反应现实社会如此
天下第一纨绔,第1集,76485,0,以后生个姑娘就叫柳如烟
天下第一纨绔,第1集,80905,0,柳如烟无孔不入啊[捂脸][捂脸][捂脸]
天下第一纨绔,第1集,263720,0,羊肉串哥哥[笑哭]
天下第一纨绔,第1集,257492,3,这个剧组有钱[思考]群演多阿[思考]
天下第一纨绔,第1集,255127,1,对，就是光天化日
天下第一纨绔,第1集,29800,0,这哥们这次演太监啊
天下第一纨绔,第1集,63105,0,如烟大帝
天下第一纨绔,第1集,131188,0,安乐传太子的衣服[捂脸]
天下第一纨绔,第1集,21473,1,男主这功夫刷新了我的认知[爽]
天下第一纨绔,第1集,284180,0,东方不败[笑哭]
天下第一纨绔,第1集,4725,0,[鼓掌]好看爱看
天下第一纨绔,第1集,48566,0,大制作
天下第一纨绔,第1集,209154,0,他一个皇帝来青楼，还好意思说别人丢尽了皇家脸面……
天下第一纨绔,第1集,211624,1,他比我过的好[捂脸][捂脸]
天下第一纨绔,第1集,48503,0,没有皇上的感觉[捂脸]
天下第一纨绔,第1集,73532,1,好看吗
天下第一纨绔,第1集,71149,0,如烟的活可厉害
天下第一纨绔,第1集,67851,0,还得是如烟大帝
天下第一纨绔,第1集,93918,1,胖胖那个男的怎么有点眼熟啊[捂脸]
天下第一纨绔,第1集,112199,0,苏察哈尔灿
天下第一纨绔,第1集,295320,0,纨绔高手
天下第一纨绔,第1集,76471,0,不是皇帝逛青楼是啥？
天下第一纨绔,第1集,179840,0,300多万点赞，有这么好看吗
天下第一纨绔,第1集,71272,0,片刻
天下第一纨绔,第1集,296970,0,阔以，静待反转
天下第一纨绔,第1集,37399,0,知否里的皇帝[捂脸]
天下第一纨绔,第1集,22270,0,皇帝像个大臣
天下第一纨绔,第1集,10453,0,大制作
天下第一纨绔,第1集,302498,0,还会分析弹道[偷笑]
天下第一纨绔,第1集,126934,3,柳如烟太出名了[捂脸]
天下第一纨绔,第1集,72216,0,你可以怀疑如烟的人品，但不能质疑她的长相[捂脸]
天下第一纨绔,第1集,71827,0,如烟大帝[探究][探究][探究]
天下第一纨绔,第1集,291895,0,有点东西啊
天下第一纨绔,第1集,43314,3,大师兄[捂脸]
天下第一纨绔,第1集,75475,0,又是柳如烟
天下第一纨绔,第1集,211976,0,上梁不正下梁歪
天下第一纨绔,第1集,12669,0,才看到，有人看吗[赞]
天下第一纨绔,第1集,156069,0,我为封面男主进来的，发现这演员不大像啊
天下第一纨绔,第1集,66666,0,柳如烟[捂脸]
天下第一纨绔,第1集,1794,0,藏拙
天下第一纨绔,第1集,171050,0,装的
天下第一纨绔,第1集,154985,0,這叫朝廢柴養，又得好名聲，高啊
天下第一纨绔,第1集,174185,0,丢脸，你是皇帝，还好意思说别人
天下第一纨绔,第1集,175492,0,自己都在玩，还嫌别人丢人[捂脸]
天下第一纨绔,第1集,96018,0,这好像又是一个捧杀戏码[偷笑][偷笑]
天下第一纨绔,第1集,56675,0,355.1万我看了噢！[爽][爽][爽]
天下第一纨绔,第1集,147392,0,捧杀？
天下第一纨绔,第1集,73424,0,赵蒹葭
天下第一纨绔,第1集,67378,0,如烟大地
天下第一纨绔,第1集,72799,0,如烟大帝
天下第一纨绔,第1集,59527,0,如烟大帝
天下第一纨绔,第1集,261868,0,大炎大纪大乾……[捂脸][捂脸]
天下第一纨绔,第1集,295594,0,六脉神剑？[捂脸]
天下第一纨绔,第1集,166066,0,这公子哥是被捧杀了
天下第一纨绔,第1集,296246,0,这是水
天下第一纨绔,第1集,296134,0,水弹珠不错[捂脸]
天下第一纨绔,第1集,257856,0,孟丹[偷笑]
天下第一纨绔,第1集,43632,0,这剧有点长啊[爱慕]
天下第一纨绔,第1集,77608,0,带伤口吗
天下第一纨绔,第1集,209000,0,大哥莫说二哥
天下第一纨绔,第1集,205375,0,我也想去演公公，我想夹着说话[捂脸]
天下第一纨绔,第1集,61743,0,如烟大帝[偷笑]
天下第一纨绔,第1集,68855,0,如烟大帝[奸笑]
天下第一纨绔,第1集,245679,0,婆婆是彩微
天下第一纨绔,第1集,193093,1,他会写自己的名字，好字啊！
天下第一纨绔,第1集,65367,1,柳如烟真是哪儿都有
天下第一纨绔,第1集,70772,0,怎么不是如花[捂脸]
天下第一纨绔,第1集,62464,0,如烟大帝
天下第一纨绔,第1集,41210,0,好看不
天下第一纨绔,第1集,60277,14,还是少不了如烟大帝
天下第一纨绔,第1集,83900,0,这是喜剧嘛
天下第一纨绔,第1集,222009,0,要打脸了
天下第一纨绔,第1集,292711,0,水珠攻击，厉害[鼓掌]
天下第一纨绔,第1集,154120,0,捧杀啊
天下第一纨绔,第1集,128642,0,作为世子不认识皇帝[什么]
天下第一纨绔,第1集,212256,0,你P他也P咋就丢脸了
天下第一纨绔,第1集,52499,0,不是穿越也没有系统[捂脸]
天下第一纨绔,第1集,237930,0,虽然但是 这是哪门子光天化日
天下第一纨绔,第1集,178937,0,陛下，咱们也是来听曲儿的[笑哭]
天下第一纨绔,第1集,123084,0,和老丈人抢姑娘
天下第一纨绔,第1集,68713,0,皇帝嫖娼？
天下第一纨绔,第1集,75526,0,让陛下 平静3秒
天下第一纨绔,第1集,294143,0,哇呜，大片的感觉[鼓掌][鼓掌][鼓掌][鼓掌][鼓掌]
天下第一纨绔,第1集,83159,0,如烟很忙，从古自今
天下第一纨绔,第1集,296088,0,特效比雪中悍刀行好[赞]
天下第一纨绔,第1集,19615,1,短剧可以可以，精致
天下第一纨绔,第1集,59538,0,柳如烟
天下第一纨绔,第1集,64742,0,如烟大帝
天下第一纨绔,第1集,16435,1,终于有原声古装剧了
天下第一纨绔,第1集,292713,0,弹指神功
天下第一纨绔,第1集,81288,0,如烟大帝出身不好
天下第一纨绔,第1集,72635,0,如烟大帝
天下第一纨绔,第1集,73117,0,如烟大帝
天下第一纨绔,第1集,22215,0,第二季来了忘记第一季重新来看第一季
天下第一纨绔,第1集,217236,0,还好意思说，你不也来青楼了
天下第一纨绔,第1集,92723,0,几点了啊
天下第一纨绔,第1集,41933,0,留个联系方式
天下第一纨绔,第1集,66958,0,如烟大帝[笑哭][笑哭]
天下第一纨绔,第1集,82103,0,不愧是如烟大帝
天下第一纨绔,第1集,74304,0,哈哈哈
天下第一纨绔,第1集,38114,0,这个皇帝，看不出是个皇帝[捂脸]
天下第一纨绔,第1集,208844,0,你皇帝都逛青楼了，还管别人
天下第一纨绔,第1集,206211,0,自己都来青楼还说别人[捂脸][捂脸]
天下第一纨绔,第1集,41750,0,这么长台词，咋想的？
天下第一纨绔,第1集,15971,0,有点意思
天下第一纨绔,第1集,287998,0,水弹
天下第一纨绔,第1集,266906,0,杀了
天下第一纨绔,第1集,301390,0,霰弹手[捂脸]
天下第一纨绔,第1集,201419,0,跑青楼来招亲？
天下第一纨绔,第1集,30534,0,加行小字就行了
天下第一纨绔,第1集,224410,0,皇帝都逛青楼还指望其他人[笑哭]
天下第一纨绔,第1集,241164,0,一国之君都上青楼了，还要别人怎么样
天下第一纨绔,第1集,70816,0,如烟大帝
天下第一纨绔,第1集,62896,0,看了看
天下第一纨绔,第1集,76331,0,大帝来了
天下第一纨绔,第1集,17487,0,有多少人现在在看
天下第一纨绔,第1集,73168,0,又是如烟大帝
天下第一纨绔,第1集,64146,0,你叫破喉咙也不会有人来救你的
天下第一纨绔,第1集,66961,0,大帝？
天下第一纨绔,第1集,92581,0,哈哈
天下第一纨绔,第1集,63434,0,如烟大帝
天下第一纨绔,第1集,264736,0,这俩蛮夷眼光不咋地啊
天下第一纨绔,第1集,79330,0,不要乱扔纸屑
天下第一纨绔,第1集,147084,0,苏乞儿
天下第一纨绔,第1集,70411,6,如烟大帝
天下第一纨绔,第1集,58263,0,公主比武招亲太儿戏了
天下第一纨绔,第1集,139085,0,皇上来这地方[笑哭]
天下第一纨绔,第1集,68820,0,如烟大帝
天下第一纨绔,第1集,163010,5,原来如此
天下第一纨绔,第1集,181249,0,这是把他养废
天下第一纨绔,第1集,161452,0,大夫人是故意养废他，没有对手跟她儿子争家里一切荣耀了
天下第一纨绔,第1集,173200,0,顾廷烨版[笑哭]
天下第一纨绔,第1集,97390,1,家父张二河
天下第一纨绔,第1集,102194,0,钱大风刮的
天下第一纨绔,第1集,7143,0,开播
天下第一纨绔,第1集,93926,0,哇哦，夜店撒钱啊
天下第一纨绔,第1集,171662,0,不是 你不是也一样在玩？
天下第一纨绔,第1集,223375,0,陛下纨绔
天下第一纨绔,第1集,61311,3,如烟大帝的传说还在流传，修仙不灭，如烟大帝永存诸天万界
天下第一纨绔,第1集,246571,1,鳌拜
天下第一纨绔,第1集,104059,1,苏察哈尔灿
天下第一纨绔,第1集,275952,1,还得是苏公子，真苏[笑哭]
天下第一纨绔,第1集,288913,0,葵花宝典
天下第一纨绔,第1集,50993,0,第二季播了回来看剧情来了[尬笑]
天下第一纨绔,第1集,144200,0,帅就好看了[捂脸]
天下第一纨绔,第1集,23814,1,好看
天下第一纨绔,第1集,263619,0,时间紧，任务重，赶着晚上拍[偷笑]
天下第一纨绔,第1集,120189,0,请叫我柳如烟[奸笑]
天下第一纨绔,第1集,298491,0,笑死我了，这不是水珠，是子弹啊[笑哭][笑哭]
天下第一纨绔,第1集,212584,0,你自己逛青楼怎么说？
天下第一纨绔,第1集,244529,0,比我儿的水弹厉害多了[捂脸]
天下第一纨绔,第1集,171058,0,你不丢脸却认识怡红院的头牌
天下第一纨绔,第1集,291233,0,三分归元气[捂脸][捂脸][捂脸]
天下第一纨绔,第1集,127069,0,也没吃过什么好的[捂脸]
天下第一纨绔,第1集,78028,0,皇帝逛青楼？还有相好？
天下第一纨绔,第1集,64299,1,如烟大帝
天下第一纨绔,第1集,64602,0,又是如烟[捂脸]
天下第一纨绔,第1集,295197,0,这特效可以[笑哭]
天下第一纨绔,第1集,68438,0,柳如烟就没有丑过[爱慕]
天下第一纨绔,第1集,262449,0,放开她，放开我[笑哭]
天下第一纨绔,第1集,272083,2,这要是拍成3D大片就更好看了
天下第一纨绔,第1集,207747,0,你个皇帝都逛青楼还说人家[捂脸]
天下第一纨绔,第1集,61937,0,柳如烟？
天下第一纨绔,第1集,103174,0,如烟大帝
天下第一纨绔,第1集,64061,0,柳如烟哪里都有[捂脸]
天下第一纨绔,第1集,300712,0,黄药师：让各位见笑了，此子乃我关门弟子
天下第一纨绔,第1集,181751,0,陛下你自己不还是出来玩了
天下第一纨绔,第1集,80663,0,如烟大帝果真是头牌[笑哭]
天下第一纨绔,第1集,68221,0,如烟大帝
天下第一纨绔,第1集,60701,0,又是如烟大帝[捂脸]
天下第一纨绔,第1集,62125,0,如烟大帝
天下第一纨绔,第1集,306008,0,男主过分厉害啦
天下第一纨绔,第1集,83910,0,如烟大帝恐怖如斯[笑哭]
天下第一纨绔,第1集,115915,0,出场就找大帝
天下第一纨绔,第1集,194659,0,你是说剧[什么]还是演员[什么]
天下第一纨绔,第1集,205797,0,烟花之地皇帝怎么来的
天下第一纨绔,第1集,96067,1,苏察哈尔灿
天下第一纨绔,第1集,99837,0,苏芊雪有没有来[笑][偷笑]
天下第一纨绔,第1集,141233,8,短剧里面纨绔都是镇北侯家的[笑哭]
天下第一纨绔,第1集,82160,0,哪里都有如烟[捂脸]
天下第一纨绔,第1集,75351,0,喜剧吗？
天下第一纨绔,第1集,169864,0,你自己不也在这玩
天下第一纨绔,第1集,67140,0,陛下像个商人
天下第一纨绔,第1集,67784,2,又是柳如烟
天下第一纨绔,第1集,71794,0,如烟大帝
天下第一纨绔,第1集,253484,0,皇帝老儿就在这里静静地看着
天下第一纨绔,第1集,75629,0,日常如烟大帝登场[捂脸]
天下第一纨绔,第1集,82938,0,有如烟大帝的短剧才有灵魂[奸笑][奸笑][奸笑]
天下第一纨绔,第1集,234453,0,徐锦江来了。
天下第一纨绔,第1集,100298,0,太好看了
天下第一纨绔,第1集,52237,0,红果一现必出精品
天下第一纨绔,第1集,39632,0,第三季也出来了再回头看看[爽][爽][爽][爽]
天下第一纨绔,第1集,300643,0,不喜欢
天下第一纨绔,第1集,72915,0,片刻
天下第一纨绔,第1集,212757,0,借古讽今啊[偷笑]
天下第一纨绔,第1集,244005,4,锦江哥[笑哭][笑哭]
天下第一纨绔,第1集,71687,0,柳如烟[捂脸]
天下第一纨绔,第1集,80230,0,[捂脸][捂脸]赵公子演什么像什么，演起太监来手拿把掐
天下第一纨绔,第1集,39145,0,好看吗
天下第一纨绔,第1集,285445,12,帅啊
天下第一纨绔,第1集,78069,2,如烟大帝
天下第一纨绔,第1集,211388,0,你也这样还说人家[笑哭]
天下第一纨绔,第1集,6425,0,这个青楼我已经在七八个剧里见过了[奸笑]
天下第一纨绔,第1集,46684,0,都是老演员
天下第一纨绔,第1集,256891,0,好剧
天下第一纨绔,第1集,2075,0,我來補習的 剛上2了[捂脸]
天下第一纨绔,第1集,162690,0,捧杀
天下第一纨绔,第1集,245314,0,这好像徐锦江啊[捂脸]
天下第一纨绔,第1集,124680,0,这皇帝喜欢刷锅[笑哭]
天下第一纨绔,第1集,82429,0,如烟大帝
天下第一纨绔,第1集,292955,0,这过分了啊，
天下第一纨绔,第1集,44992,0,蛮夷？是说我福建吗[笑]
天下第一纨绔,第1集,260987,0,啊！放开他！！呃，快放开我
天下第一纨绔,第1集,57849,1,公主比武招亲[捂脸]
天下第一纨绔,第1集,295728,0,还有高手[探究]
天下第一纨绔,第1集,287961,0,质量确实比Ai强
天下第一纨绔,第1集,210357,0,皇上就可以
天下第一纨绔,第1集,277008,0,吃我一击吧！[捂脸]
天下第一纨绔,第1集,15646,3,柱子叔
天下第一纨绔,第1集,80303,0,这个如烟不太能打啊[笑]
天下第一纨绔,第1集,158623,0,这是要把他养废
天下第一纨绔,第1集,15127,0,为了男主看了好几遍
天下第一纨绔,第1集,64388,0,哪哪都有如烟大帝[捂脸][捂脸]
天下第一纨绔,第1集,100560,1,苏乞儿
天下第一纨绔,第1集,56019,0,看过最穷的皇帝
天下第一纨绔,第1集,58576,0,如烟大帝
天下第一纨绔,第1集,42188,0,长剧质感
天下第一纨绔,第1集,24235,0,皇帝容易动怒啊
天下第一纨绔,第1集,64727,0,哎呀是如烟呀[捂脸][捂脸][捂脸][捂脸]
天下第一纨绔,第1集,6500,1,大制作
天下第一纨绔,第1集,268760,2,制作用心了
天下第一纨绔,第1集,81761,0,如烟无所不在
天下第一纨绔,第1集,72776,0,如烟大帝
天下第一纨绔,第1集,20608,0,BGM:双面燕洵，跟符合角色设定哦
天下第一纨绔,第1集,80847,0,如烟大帝吗？
天下第一纨绔,第1集,308523,0,深藏不露
天下第一纨绔,第1集,241946,0,这容貌抢走不是更好，[笑哭]
天下第一纨绔,第1集,68911,0,如烟大帝
天下第一纨绔,第1集,60465,0,又是如烟[笑哭]
天下第一纨绔,第1集,165389,0,捧杀
天下第一纨绔,第1集,46596,0,最不像皇帝的皇帝
天下第一纨绔,第1集,142813,0,哪里纨绔了 都出钱了
天下第一纨绔,第1集,289207,0,你行呀[赞][赞][赞]
天下第一纨绔,第1集,288578,1,超级爱看这种的[捂脸]
天下第一纨绔,第1集,272972,0,群演一天150[偷笑]
天下第一纨绔,第1集,73414,0,这个大太监，以前演过大师兄[笑哭]
天下第一纨绔,第1集,260901,0,放开她…啊～放开我[笑哭]
天下第一纨绔,第1集,81737,0,如烟大帝
天下第一纨绔,第1集,69114,0,如烟大帝
天下第一纨绔,第1集,153548,0,肯定是想把他养废
天下第一纨绔,第1集,44550,0,皇帝是个女儿奴吗[笑哭]
天下第一纨绔,第1集,74615,0,还得是如烟
天下第一纨绔,第1集,289335,0,人家习武他修仙啊
天下第一纨绔,第1集,112598,1,只有柳如烟
天下第一纨绔,第1集,253557,0,确实，黑人就是
天下第一纨绔,第1集,296411,0,这是陆地神仙
天下第一纨绔,第1集,8449,0,怎么还有第1部，我直接看的第2部
天下第一纨绔,第1集,128354,2,皇帝都去这地方了[捂脸]
天下第一纨绔,第1集,20803,0,双面燕洵
天下第一纨绔,第1集,300067,5,弹指神功
天下第一纨绔,第1集,132449,0,如烟大帝又来客串了[捂脸]
天下第一纨绔,第1集,222349,0,三个大拇指点赞的是伏笔
天下第一纨绔,第1集,156799,0,知否里面顾大郎的剧情啊
天下第一纨绔,第1集,156766,0,这待遇爽歪歪[爱慕][爱慕][爱慕][爱慕]
天下第一纨绔,第1集,219681,0,那你不是也在青楼[笑哭]
天下第一纨绔,第1集,133872,0,太帅[爱慕]
天下第一纨绔,第1集,159745,0,捧杀[捂脸][笑哭]
天下第一纨绔,第1集,74680,0,大师兄
天下第一纨绔,第1集,98341,0,柳如烟是不是金鳞岂是池中物中最先用的名字[捂脸][捂脸]
天下第一纨绔,第1集,59800,0,如烟大帝？？？
天下第一纨绔,第1集,294236,0,被这个特效骗来的举手[鼓掌]
天下第一纨绔,第1集,33185,0,怎么关弹屏
天下第一纨绔,第1集,87387,0,所以男主和皇帝是同道中人？
天下第一纨绔,第1集,179429,0,皇帝来青楼找姑娘，你也不咋地啊
天下第一纨绔,第1集,21579,0,这不异物志的路平吗？
天下第一纨绔,第1集,191083,1,宋青高啊，还是那身好看
天下第一纨绔,第1集,168330,1,安乐传 韩烨的衣服
天下第一纨绔,第1集,61022,0,又当太监了，终于不当外国使臣了
天下第一纨绔,第1集,72493,0,如烟大帝[捂脸]
天下第一纨绔,第1集,74620,0,如烟大帝[探究]
天下第一纨绔,第1集,55228,0,300万收藏，大制作
天下第一纨绔,第1集,170156,0,皇帝都喝花酒了 权贵还有脸？
天下第一纨绔,第1集,225217,0,青楼万古如长夜
天下第一纨绔,第1集,29615,0,怎样缓存啊？
天下第一纨绔,第1集,80802,0,皇帝去青楼？
天下第一纨绔,第1集,108457,0,好看好看
天下第一纨绔,第1集,0,0,哦，好帅气的动做
天下第一纨绔,第1集,212861,0,自己都跑青楼玩了，却说别人烂[捂脸]
天下第一纨绔,第1集,49090,0,刚看了二，再来刷遍一
天下第一纨绔,第1集,240261,0,那是抢了个啥呀？！[捂脸][捂脸][捂脸]
天下第一纨绔,第1集,117024,1,苏乞儿[笑哭][笑哭][笑哭]苏察哈尔灿
天下第一纨绔,第1集,1490,0,有一起看的吗
天下第一纨绔,第1集,60644,0,如烟可是当年有名的名妓
天下第一纨绔,第1集,94552,2,苏察哈尔灿
天下第一纨绔,第1集,152536,0,明显的捧杀
天下第一纨绔,第1集,77875,0,本烟来了
天下第一纨绔,第1集,228020,0,皇帝逛青楼就不无耻了？[笑哭]
天下第一纨绔,第1集,242819,0,徐锦江都来演短剧了？
天下第一纨绔,第1集,265962,0,这一会儿，大家一起来扔烂菜叶，臭鸡蛋，完美
天下第一纨绔,第1集,178315,0,皇帝去青楼
天下第一纨绔,第1集,10479,0,怎么这么多人
天下第一纨绔,第1集,224247,0,是啊！毕竟你这一国之帝还逛青楼呢
天下第一纨绔,第1集,217336,0,真厉害你又不开心了
天下第一纨绔,第1集,14427,0,制作精良
天下第一纨绔,第1集,83539,0,没办法如烟大帝出场率太高了
天下第一纨绔,第1集,226359,0,这微服出巡，左一口陛下右一声陛下，怕别人不知道吗[捂脸]
天下第一纨绔,第1集,78998,1,这侍卫是异物志的路平？
天下第一纨绔,第1集,85156,0,又是如烟大帝[偷笑][偷笑][偷笑]
天下第一纨绔,第1集,255344,5,大制作啊
天下第一纨绔,第1集,295491,0,生死符
天下第一纨绔,第1集,294541,2,剑神李淳罡
天下第一纨绔,第1集,9448,1,好看不
天下第一纨绔,第1集,295219,0,下重本了
天下第一纨绔,第1集,302122,0,水弹
天下第一纨绔,第1集,159518,0,捧杀
天下第一纨绔,第1集,162713,0,哇！[笑][笑][笑]
天下第一纨绔,第1集,253542,1,剧组可以啊，有钱，大场面
天下第一纨绔,第1集,200423,0,皇上带女儿来青楼跳舞？
天下第一纨绔,第1集,59595,0,柳如烟
天下第一纨绔,第1集,120673,0,网络美女千千万，如烟大帝占一半[笑哭]
天下第一纨绔,第1集,255269,0,大制作
天下第一纨绔,第1集,238962,0,[捂脸]皇帝你三宫六院就不是纨绔了吗
天下第一纨绔,第1集,35349,0,我打了3针科兴，我先看！！
天下第一纨绔,第1集,81241,0,才片刻啊
天下第一纨绔,第1集,4292,0,不愧是我红皇后[舔屏][舔屏][舔屏][飞吻][飞吻]
天下第一纨绔,第1集,11388,0,原声大碟
天下第一纨绔,第1集,372,6,回评，权谋爽剧，一切都在男主的预料之中
天下第一纨绔,第1集,126057,0,小伙子，你很勇啊[笑哭]
天下第一纨绔,第1集,294742,0,可以[赞]
天下第一纨绔,第1集,28600,0,好看[赞]
天下第一纨绔,第1集,163640,0,要穿越了
天下第一纨绔,第1集,99710,0,男主好帅短剧美男
天下第一纨绔,第1集,152329,0,因为好看
天下第一纨绔,第1集,12593,3,好看吗？这部
天下第一纨绔,第1集,298242,0,甄姬？
天下第一纨绔,第1集,67471,0,依旧女帝[捂脸]
天下第一纨绔,第1集,302150,0,只有武学天才才能有此非凡的相貌，凡夫俗子没此相貌也！哈哈哈
天下第一纨绔,第1集,58761,0,如烟大帝
天下第一纨绔,第1集,70738,0,要不要继续看下去
天下第一纨绔,第1集,31629,0,陛下传的也太简朴了
天下第一纨绔,第1集,73771,0,[捂脸]片刻
天下第一纨绔,第1集,65308,0,如烟大帝
天下第一纨绔,第1集,83578,0,厉害了
天下第一纨绔,第1集,132505,0,同道中人[捂脸][捂脸][捂脸]
天下第一纨绔,第1集,14635,0,逍遥四公子里皇帝身边的太监，又在这剧里当皇上太监[笑哭]
天下第一纨绔,第1集,76843,0,王鸥？！[笑哭]
天下第一纨绔,第1集,71646,0,如烟大帝
天下第一纨绔,第1集,23980,0,这么高收藏
天下第一纨绔,第1集,13454,1,很有意思
天下第一纨绔,第1集,268557,0,原声虽然不好听，但是真实
天下第一纨绔,第1集,132957,0,这男主可以，眼睛有光
天下第一纨绔,第1集,180367,0,皇帝逛青楼？历史上有吗？
天下第一纨绔,第1集,20171,0,这像皇帝吗
天下第一纨绔,第1集,210513,0,皇帝你自己都逛青楼，还能嫌弃人家？
天下第一纨绔,第1集,151979,0,一看就不是明君[笑哭]
天下第一纨绔,第1集,170716,0,捧杀呀
天下第一纨绔,第1集,255251,0,群演给一盒盒饭[赞][赞][赞]
天下第一纨绔,第1集,265929,1,原声好评
天下第一纨绔,第1集,47096,0,好看
天下第一纨绔,第1集,169116,0,双标？
天下第一纨绔,第1集,77294,0,三秒钟[笑哭]
天下第一纨绔,第1集,297548,0,好身手，绝技。[送花][送花][送花][赞][赞][赞]
天下第一纨绔,第1集,67993,0,如烟大帝！
天下第一纨绔,第1集,45472,0,柱子叔
天下第一纨绔,第1集,250862,0,短剧照进现实
天下第一纨绔,第1集,15579,0,皇帝你大姐头来了
天下第一纨绔,第1集,239531,0,品味太差了
天下第一纨绔,第1集,22692,0,是穿越吗
天下第一纨绔,第1集,291544,0,三分归元气[捂脸][捂脸]
天下第一纨绔,第1集,6540,2,大制作呀
天下第一纨绔,第1集,63390,0,侧面有点像王鸥
天下第一纨绔,第1集,61404,0,如烟大帝？
天下第一纨绔,第1集,291278,0,厉害了，几滴水
天下第一纨绔,第1集,17249,0,秒吃
天下第一纨绔,第1集,67974,0,这是哪朝皇帝？还逛窑子
天下第一纨绔,第1集,291807,0,水珠效果不够厉害，还是要多向雪中悍刀行学习学习
天下第一纨绔,第1集,64499,0,如烟大帝[捂脸]
天下第一纨绔,第1集,200278,0,你一个皇帝跑来逛青楼，还好意思说别人[捂脸]
天下第一纨绔,第1集,71789,0,如烟大帝YYDS
天下第一纨绔,第1集,208100,0,你自己都逛青楼了，好意思说别人
天下第一纨绔,第1集,71599,0,如烟大帝
天下第一纨绔,第1集,206704,0,你说人家干嘛，你不也逛青楼吗
天下第一纨绔,第1集,17337,0,厲害寒冰掌[捂脸][捂脸][捂脸]
天下第一纨绔,第1集,260535,0,这一群是正牌演员吧
天下第一纨绔,第1集,62477,0,柳如烟[爱慕]
天下第一纨绔,第1集,64767,0,又是如烟[捂脸][捂脸]
天下第一纨绔,第1集,280321,26,甚平？
天下第一纨绔,第1集,71076,0,姿色略差
天下第一纨绔,第1集,99756,0,一枝梅
天下第一纨绔,第1集,39985,0,喜欢这个大舌头男演员
天下第一纨绔,第1集,127535,0,苏乞儿
天下第一纨绔,第1集,166674,0,捧杀而已
天下第一纨绔,第1集,223670,0,你皇帝自己不也在青楼找姑娘？我请问呢[笑哭]
天下第一纨绔,第1集,293636,0,下身怎么日式装扮[捂脸]
天下第一纨绔,第1集,11577,0,大制作啊
天下第一纨绔,第1集,113035,0,四刷
天下第一纨绔,第1集,295647,1,厉害哦[偷笑][偷笑][偷笑]
天下第一纨绔,第1集,255685,1,徐锦江[捂脸]
天下第一纨绔,第1集,69532,0,花魁柳如煙嗎
天下第一纨绔,第1集,162559,0,捧杀
天下第一纨绔,第1集,62748,0,如烟大帝[偷笑][偷笑][偷笑]
天下第一纨绔,第1集,304555,0,这个特效不止5毛钱吧？[笑][笑]
天下第一纨绔,第1集,15463,0,头牌
天下第一纨绔,第1集,196562,1,上次有个像唐嫣的短剧演员，可以和这个像罗晋多合作一下[笑哭]
天下第一纨绔,第1集,204651,0,这太监可以[笑哭]
天下第一纨绔,第1集,272176,1,大制作
天下第一纨绔,第1集,74833,0,也只是片刻平静啊
天下第一纨绔,第1集,81585,0,古代有你后代有苏灿
天下第一纨绔,第1集,208280,0,感觉看了，剧情又忘了[笑哭]
天下第一纨绔,第1集,74615,0,如烟大帝[爱慕]
天下第一纨绔,第1集,137593,0,皇帝要到逛青楼地步了[捂脸]
天下第一纨绔,第1集,4216,2,有人知道前面这个背景音乐是啥吗
天下第一纨绔,第1集,67460,0,如烟大帝
天下第一纨绔,第1集,117041,0,帅？
天下第一纨绔,第1集,166172,5,大夫人是在捧殺
天下第一纨绔,第1集,183432,0,上梁不正下梁歪
天下第一纨绔,第1集,70747,0,如烟大帝无处不在[捂脸]
天下第一纨绔,第1集,172852,0,我是看了第二部才来看第一部的
天下第一纨绔,第1集,118147,0,如烟大帝
天下第一纨绔,第1集,14377,0,BGM双面燕洵
天下第一纨绔,第1集,10338,0,教坊司，我来了，这集让我演吧[捂脸][捂脸][捂脸]
天下第一纨绔,第1集,62868,2,如烟大帝
天下第一纨绔,第1集,207494,0,陛下，那您来这干啥[偷笑]
天下第一纨绔,第1集,166296,5,大夫人是捧杀呀
天下第一纨绔,第1集,49783,0,不喜欢
天下第一纨绔,第1集,259054,1,可以的大制作
天下第一纨绔,第1集,84790,0,柳如烟
天下第一纨绔,第1集,194190,0,确实会撩哈哈哈
天下第一纨绔,第1集,74664,0,如烟大帝驾到
天下第一纨绔,第1集,262849,0,放开他，，啊，，，放开我[捂脸]
天下第一纨绔,第1集,69218,0,路平
天下第一纨绔,第1集,73513,0,喜剧吧
天下第一纨绔,第1集,64357,0,如烟还真是无处不在啊[笑哭][笑哭][笑哭]
天下第一纨绔,第1集,64818,0,果然，还得是，如烟大帝。
天下第一纨绔,第1集,81276,0,哪国的皇帝会去花天酒地？
天下第一纨绔,第1集,8283,0,[赞]虎哥到
天下第一纨绔,第1集,23231,0,这皇帝有点不像[捂脸][捂脸]
天下第一纨绔,第1集,70396,0,如烟打底
天下第一纨绔,第1集,292353,0,子弹啊[笑哭]
天下第一纨绔,第1集,154226,0,完全是捧杀。[笑哭]
天下第一纨绔,第1集,264220,0,有没有没有背景音乐的古装剧呢[捂脸]
天下第一纨绔,第1集,172995,0,哇，陛下，那你来干嘛了？赏花？
天下第一纨绔,第1集,56692,0,哪有皇帝的样子
天下第一纨绔,第1集,154764,0,故意养歪[撇嘴]
天下第一纨绔,第1集,171055,0,苏灿+徐凤年
天下第一纨绔,第1集,7931,1,有意思
天下第一纨绔,第1集,48748,0,好看
天下第一纨绔,第1集,287213,7,好厉害
天下第一纨绔,第1集,293378,0,我敲，大制作
天下第一纨绔,第1集,112917,0,梅姨也不错[赞]
天下第一纨绔,第1集,145994,0,看来不光我一个人觉得他像乔优雅[笑哭]
天下第一纨绔,第1集,96653,1,苏乞儿
天下第一纨绔,第1集,70184,0,永远滴如烟[捂脸]
天下第一纨绔,第1集,42726,6,柳如烟名闻天下
天下第一纨绔,第1集,170497,0,什么叫把京城权贵脸丢尽，你自己不也在逛青楼吗
天下第一纨绔,第1集,173096,1,皇帝，那你是来干嘛的
天下第一纨绔,第1集,124057,0,同道中人[偷笑]
天下第一纨绔,第1集,98039,0,太小了
天下第一纨绔,第1集,287362,0,灰常河里
天下第一纨绔,第1集,30853,2,大制作[赞][赞]
天下第一纨绔,第1集,52778,0,纨绔还是老演员
天下第一纨绔,第1集,220928,0,你自己不也来逛青楼。。
天下第一纨绔,第1集,194157,0,留在外面的黄子
天下第一纨绔,第1集,117563,0,最坏的，同时却是最好的
天下第一纨绔,第1集,46817,0,男主真的帅
天下第一纨绔,第1集,220581,0,这皇帝一把年纪了 怎么一点也不稳重
天下第一纨绔,第1集,91388,0,本公子独美
天下第一纨绔,第1集,75402,0,如烟大帝[捂脸]
天下第一纨绔,第1集,197843,1,这剧热度那么高，好看吗
天下第一纨绔,第1集,103059,0,制作精良[赞]
天下第一纨绔,第1集,49052,0,霍元甲陈真[捂脸]
天下第一纨绔,第1集,214209,0,这个演员有点像科比
天下第一纨绔,第1集,44758,0,炸裂，我就叫杨钊哈哈哈
天下第一纨绔,第1集,212273,0,皇上，你咋干什么，还说别人
天下第一纨绔,第1集,49222,0,刚刚看
天下第一纨绔,第1集,66575,0,如烟大帝
天下第一纨绔,第1集,798,0,不是爽剧，男主比较仁慈
天下第一纨绔,第1集,212059,0,这玉佩该不会是系统吧[捂脸]
天下第一纨绔,第1集,205234,0,你来青楼不也是挺乐呵的吗？[什么]
天下第一纨绔,第1集,295887,0,生死符！！！
天下第一纨绔,第1集,289736,0,特效不错啊[爱慕]
天下第一纨绔,第1集,291730,0,好剧，好效果
天下第一纨绔,第1集,104703,0,这局如烟青楼开场
天下第一纨绔,第1集,223010,12,皇帝你不是带头纨绔吗[笑哭]
天下第一纨绔,第1集,61595,0,又是如烟
天下第一纨绔,第1集,215878,0,蜡烛演的好
天下第一纨绔,第1集,170524,0,就这皇上来青楼，还好意思说人家呢
天下第一纨绔,第1集,170423,0,顾侯爷[思考]
天下第一纨绔,第1集,15029,0,啥意思？我刚看10秒你就冲我摔杯子？
天下第一纨绔,第1集,266388,0,请这么多群演，大制作啊，一个群演一天要150块钱还有两份盒饭
天下第一纨绔,第1集,64318,0,如烟大帝
天下第一纨绔,第1集,24302,0,这个太监好眼熟，长演？
天下第一纨绔,第1集,208412,0,树欲静而风不止，子欲养而亲不待。[捂脸][捂脸][笑哭]
天下第一纨绔,第1集,69258,0,刘如燕
天下第一纨绔,第1集,26809,0,元彪怎么来演短剧了
天下第一纨绔,第1集,63149,0,柳如烟无处不在呀[偷笑][偷笑][偷笑]
天下第一纨绔,第1集,238659,32,剧组一看就有钱[偷笑][偷笑]群演好多
天下第一纨绔,第1集,116309,0,同道中人[笑哭][笑哭][探究][探究]
天下第一纨绔,第1集,131306,0,你不是宋青高嘛
天下第一纨绔,第1集,27194,0,好的
天下第一纨绔,第1集,169502,0,[鼓掌]效仿知否里后妈用的捧杀伎俩
天下第一纨绔,第1集,204507,1,陛下[捂脸]
天下第一纨绔,第1集,196829,0,气什么，又没对他怎么样
天下第一纨绔,第1集,100211,0,牛
天下第一纨绔,第1集,207122,0,皇上都逛青楼，何况下面的臣子呢？[笑哭][笑哭]
天下第一纨绔,第1集,65567,0,如烟大帝
天下第一纨绔,第1集,276306,0,初级水弹：有水即可发射[尬笑]命中率95% 伤害10
天下第一纨绔,第1集,278384,0,李淳罡也用过这招啊[笑哭]
天下第一纨绔,第1集,44591,0,这皇帝没有一点威严
天下第一纨绔,第1集,69693,0,如烟大地
天下第一纨绔,第1集,178223,1,藏拙
天下第一纨绔,第1集,257587,0,光天化日是一个形容词不是序述词
天下第一纨绔,第1集,250319,0,这么多群演
天下第一纨绔,第1集,152144,0,儿子，是谁被你打，家里有没有钱啊，身份够不够啊
天下第一纨绔,第1集,32168,0,这陛下看着就一地主扮相啊
天下第一纨绔,第1集,66006,0,又见如烟
天下第一纨绔,第1集,68601,0,如烟这名字6666
天下第一纨绔,第1集,74500,0,如烟大帝
天下第一纨绔,第1集,167039,0,没人吗
天下第一纨绔,第1集,71421,0,如烟大帝
天下第一纨绔,第1集,61038,0,柳如烟
天下第一纨绔,第1集,235670,15,徐锦江？
天下第一纨绔,第1集,136951,0,[捂脸]跟皇帝同道中人啊。。。
天下第一纨绔,第1集,71920,0,《平静片刻》
天下第一纨绔,第1集,143315,1,哈哈哈哈交皇帝小点声[偷笑][偷笑]
天下第一纨绔,第1集,166294,0,字幕
天下第一纨绔,第1集,73078,0,如烟大帝无处不在[捂脸]
天下第一纨绔,第1集,212388,1,这部剧有李钊吗？
天下第一纨绔,第1集,71307,0,王鸥[什么][什么]
天下第一纨绔,第1集,293693,0,生死符啊
天下第一纨绔,第1集,296178,0,确定是纨绔
天下第一纨绔,第1集,71273,0,确实大宝
天下第一纨绔,第1集,123384,1,所以镇北侯二公子都没见过皇帝[赞]
天下第一纨绔,第1集,299381,0,牛哦[捂脸]
天下第一纨绔,第1集,293533,0,太帅了[鼓掌][鼓掌]
天下第一纨绔,第1集,196331,0,气死这个老废物[捂脸][捂脸][捂脸]
天下第一纨绔,第1集,71053,0,如烟大帝，每部怡红院都有[捂脸]
天下第一纨绔,第1集,119801,0,老鸨比如烟漂亮
天下第一纨绔,第1集,59534,0,又是如烟[捂脸]
天下第一纨绔,第1集,60027,0,如烟大帝
天下第一纨绔,第1集,115312,1,柳如烟驾到
天下第一纨绔,第1集,149253,0,又一个小秦氏[捂脸]
天下第一纨绔,第1集,88603,0,好不好看，好不好看？
天下第一纨绔,第1集,203358,0,陛下逛青楼[捂脸]
天下第一纨绔,第1集,73965,0,？就这
天下第一纨绔,第1集,71419,1,柳如烟[偷笑][偷笑]
天下第一纨绔,第1集,268780,0,纨绔来啦
天下第一纨绔,第1集,202630,0,装纨绔保命吗？
天下第一纨绔,第1集,13038,0,评价那么高，我来看看[奸笑][奸笑][奸笑]
天下第一纨绔,第1集,291542,0,哇哦[鼓掌][鼓掌][鼓掌]
天下第一纨绔,第1集,289903,0,厉害厉害[赞]
天下第一纨绔,第1集,7170,0,好看吗
天下第一纨绔,第1集,69974,4,又是如烟[捂脸]
天下第一纨绔,第1集,262607,0,这个强抢有点随意了[捂脸]
天下第一纨绔,第1集,6073,1,好看吗
天下第一纨绔,第1集,62161,0,后宫三千才一个独女
天下第一纨绔,第1集,70106,0,如烟大帝
天下第一纨绔,第1集,218393,0,不敢出头，怕被下毒
天下第一纨绔,第1集,85772,0,片刻用的好[捂脸]
天下第一纨绔,第1集,63047,8,又是如烟大帝
天下第一纨绔,第1集,273959,0,男主的小眼神，爱了[没看够][没看够][没看够]
天下第一纨绔,第1集,81680,0,很多剧都有如烟大帝[偷笑]
天下第一纨绔,第1集,173908,0,朝廷？权贵？
天下第一纨绔,第1集,71710,0,宋徽宗吗
天下第一纨绔,第1集,116572,0,如烟大帝
天下第一纨绔,第1集,43373,0,非常好看
天下第一纨绔,第1集,151138,0,这口音
天下第一纨绔,第1集,44564,0,这么多长剧演员
天下第一纨绔,第1集,223825,0,是不是所有短剧都有柳如烟[捂脸][捂脸][捂脸][捂脸]
天下第一纨绔,第1集,66162,0,如烟一来什么烦恼都没有了
天下第一纨绔,第1集,122704,3,如烟大帝[鼓掌][鼓掌][鼓掌]
天下第一纨绔,第1集,149002,0,男主挺漂亮的[笑哭]
天下第一纨绔,第1集,66831,0,如烟大帝
天下第一纨绔,第1集,208664,0,你自己都在青楼还说别人
天下第一纨绔,第1集,61775,0,如烟大帝[偷笑]
天下第一纨绔,第1集,220598,3,陛下都来青楼了，你还说他干啥子，大哥不说二哥嘛[捂脸]
天下第一纨绔,第1集,138558,0,聂风
天下第一纨绔,第1集,66430,0,如烟大帝
天下第一纨绔,第1集,83443,0,如烟长的也太普通了
天下第一纨绔,第1集,42464,0,看第二遍了
天下第一纨绔,第1集,87184,0,如烟大帝
天下第一纨绔,第1集,246290,2,至少不会吵吵闹闹
天下第一纨绔,第1集,282544,0,生死符
天下第一纨绔,第1集,73534,0,如烟大帝[捂脸]
天下第一纨绔,第1集,265002,0,像那个新加坡演员
天下第一纨绔,第1集,136377,0,美女有吗
天下第一纨绔,第1集,213597,0,皇帝随意进入青楼？[捂脸]
天下第一纨绔,第1集,297023,0,生死符
天下第一纨绔,第1集,63757,0,如烟大帝，每逢穿越必在
天下第一纨绔,第1集,68785,0,[捂脸]如烟大帝
天下第一纨绔,第1集,212717,0,你作为皇帝，都经常逛青楼，还说百姓[捂脸]
天下第一纨绔,第1集,34218,0,董事长
天下第一纨绔,第1集,288625,0,合理
天下第一纨绔,第1集,296484,0,浪人
天下第一纨绔,第1集,212911,0,自己都纨绔还说别人[捂脸]
天下第一纨绔,第1集,139797,0,皇帝眼睛咋了
天下第一纨绔,第1集,279136,0,好看[送花]
天下第一纨绔,第1集,2303,5,燕洵啊~
天下第一纨绔,第1集,72568,0,柳如烟吗？
天下第一纨绔,第1集,44106,0,皇帝喜欢不收入后宫独享，跑来娱乐场所？
天下第一纨绔,第1集,199965,0,皇帝逛青楼[捂脸][捂脸]
天下第一纨绔,第1集,158093,0,捧杀啊，惯子如杀子
天下第一纨绔,第1集,211938,0,男主心机挺可以
天下第一纨绔,第1集,99394,0,苏灿
天下第一纨绔,第1集,61877,0,如烟大帝
天下第一纨绔,第1集,106635,0,苏灿
天下第一纨绔,第1集,84181,0,怎么关闭弹窗
天下第一纨绔,第1集,114346,0,梅姨可以
天下第一纨绔,第1集,207990,0,[捂脸]你不也……
天下第一纨绔,第1集,43553,0,高衙内
天下第一纨绔,第1集,28939,0,陛下也逛青楼啊[捂脸]
天下第一纨绔,第1集,72684,0,我如烟大帝 名不虚传啊[偷笑]
天下第一纨绔,第1集,69495,3,一听如烟又像笑[笑哭]
天下第一纨绔,第1集,246899,0,现状
天下第一纨绔,第1集,18233,0,这不像陛下啊 像个侯爷
天下第一纨绔,第1集,300008,0,挂了[捂脸]
天下第一纨绔,第1集,71257,0,又是如烟大帝
天下第一纨绔,第1集,219417,0,好像真像赵希抟[捂脸]
天下第一纨绔,第1集,155320,0,捧杀
天下第一纨绔,第1集,78340,0,如烟大帝又来了
天下第一纨绔,第1集,123089,0,换个如花来
天下第一纨绔,第1集,19167,0,有看完的吗？说一声好看不
天下第一纨绔,第1集,172649,0,是太强了，没事干
天下第一纨绔,第1集,294335,0,这特效，给特效老师加鸡腿
天下第一纨绔,第1集,298997,0,弹指神通弹的是指甲盖，他竟然能弹水
天下第一纨绔,第1集,53345,0,又是女帝
天下第一纨绔,第1集,50289,0,和珅怎么当皇帝了
天下第一纨绔,第1集,95050,0,皇帝衣领好脏
天下第一纨绔,第1集,41813,0,皇帝逛窑子，还要什么颜面
天下第一纨绔,第1集,56042,0,你说什么？皇帝就一个老婆吗，再多生几个不就好了
天下第一纨绔,第1集,157088,3,宅斗里常见的捧杀
天下第一纨绔,第1集,113839,4,都有星爷的影子
天下第一纨绔,第1集,69487,0,又来如烟大帝？
天下第一纨绔,第1集,204390,0,皇上很不稳重
天下第一纨绔,第1集,76829,0,如烟大滴
天下第一纨绔,第1集,261043,0,群演一个人一盒饭[捂脸][捂脸]
天下第一纨绔,第1集,251172,0,跟现代一样
天下第一纨绔,第1集,47526,0,像富家老爷，不像皇帝[笑哭][笑哭]
天下第一纨绔,第1集,200721,0,男主厉害这呐，装纨绔
天下第一纨绔,第1集,306359,0,终于播出了[笑][笑][笑]
天下第一纨绔,第1集,291108,0,合理，水能当子弹，俗称水弹。
天下第一纨绔,第1集,32791,0,皇上穿这样？
天下第一纨绔,第1集,103993,0,外地来的吧
天下第一纨绔,第1集,19840,0,开局好地方
天下第一纨绔,第1集,69295,0,如烟大帝
天下第一纨绔,第1集,204204,0,大哥，你不是也在逛青楼吗[捂脸]
天下第一纨绔,第1集,152674,0,这不就是养废了吗？
天下第一纨绔,第1集,210644,0,陛下你自己也逛青楼[奸笑]
天下第一纨绔,第1集,50796,0,好看么
天下第一纨绔,第1集,244512,6,好多群演
天下第一纨绔,第1集,90004,8,柳家的如烟？
天下第一纨绔,第1集,93014,0,经典台词[捂脸]
天下第一纨绔,第1集,60726,0,又是如烟[捂脸][捂脸][捂脸]
天下第一纨绔,第1集,64309,0,又是如烟
天下第一纨绔,第1集,296612,0,经过你们提醒我才知道是大制作[赞]
天下第一纨绔,第1集,117793,0,如烟大帝
天下第一纨绔,第1集,72288,0,有点抽象[笑哭]
天下第一纨绔,第1集,297308,0,落叶飞花，水珠伤人
天下第一纨绔,第1集,65037,0,如烟大帝
天下第一纨绔,第1集,197710,0,搞笑
天下第一纨绔,第1集,93434,0,我现在赶过去来得及吗
天下第一纨绔,第1集,117094,2,和皇帝抢女人
天下第一纨绔,第1集,67054,2,依旧如烟
天下第一纨绔,第1集,206289,0,你自己不是也来了吗
天下第一纨绔,第1集,157452,0,[笑哭]琅琊榜？
天下第一纨绔,第1集,75933,0,大帝来了
天下第一纨绔,第1集,20218,2,看第二部，忘记了第一部的内容，重刷一遍[捂脸]
天下第一纨绔,第1集,66468,0,柳如烟吗？
天下第一纨绔,第1集,10742,0,不知道 安静看着
天下第一纨绔,第1集,14597,0,好看
天下第一纨绔,第1集,38923,0,好看
天下第一纨绔,第1集,172109,0,捧杀[偷笑]
天下第一纨绔,第1集,204243,0,这是个暴脾气的君
天下第一纨绔,第1集,47539,1,为了看第二季再回来重温一下剧情
天下第一纨绔,第1集,12296,0,开头布景和星汉灿烂一模一样
天下第一纨绔,第1集,71996,0,好看[赞]
天下第一纨绔,第1集,66724,0,如烟大帝恐怖如斯
天下第一纨绔,第1集,169612,0,能镇守一方的诸侯，资本肯定雄厚
天下第一纨绔,第1集,53298,0,好看
天下第一纨绔,第1集,95668,0,苏察哈尔灿没带帽子[捂脸][捂脸]
天下第一纨绔,第1集,293681,2,男主隐藏实力
天下第一纨绔,第1集,70773,0,少不了如烟[捂脸]
天下第一纨绔,第1集,432,0,专职太监头子
天下第一纨绔,第1集,9270,0,听我一句劝，快跑[捂脸]比女频还离谱
天下第一纨绔,第1集,158010,0,这是捧杀
天下第一纨绔,第1集,68457,0,又是如烟大帝
天下第一纨绔,第1集,164736,0,捧杀[捂脸][捂脸][捂脸]
天下第一纨绔,第1集,223470,0,你自己都来青楼 不给别人来？？？？
天下第一纨绔,第1集,102847,1,苏乞儿
天下第一纨绔,第1集,291323,0,厉害的过分了吧
天下第一纨绔,第1集,226450,0,一惊一乍的皇帝
天下第一纨绔,第1集,54124,0,男主是高手，装纨绔
天下第一纨绔,第1集,158932,0,捧杀呗[笑哭][笑哭]
天下第一纨绔,第1集,7497,2,漂亮
天下第一纨绔,第1集,296939,3,肯定苏公子
天下第一纨绔,第1集,64929,0,大帝驾到[鼓掌]
天下第一纨绔,第1集,119496,0,如烟好不漂亮
天下第一纨绔,第1集,120041,0,如烟大帝
天下第一纨绔,第1集,7997,1,群演多就是大制作，有看头
天下第一纨绔,第1集,63990,0,如烟大帝？
天下第一纨绔,第1集,245848,1,好多群演！大投资啊！
天下第一纨绔,第1集,215723,0,男主是不是还演过督军啊？
天下第一纨绔,第1集,27103,0,没人看吗
天下第一纨绔,第1集,232883,1,拜月教主
天下第一纨绔,第1集,79084,0,如烟大帝
天下第一纨绔,第1集,69927,0,也可找玉芬
天下第一纨绔,第1集,216940,0,你身为皇帝都可以逛青楼，人家一个纨绔就不行逛青楼了
天下第一纨绔,第1集,10628,0,不知道刚刚来
天下第一纨绔,第1集,153782,0,捧杀
天下第一纨绔,第1集,248887,1,大制作了[捂脸]
天下第一纨绔,第1集,70092,0,如烟大帝
天下第一纨绔,第1集,287951,0,一剑仙人跪
天下第一纨绔,第1集,169209,0,捧杀
天下第一纨绔,第1集,8635,0,老马老马老马，你给我出来！看个开头以为是老马演的剧呢！
天下第一纨绔,第1集,50476,0,如烟大帝出现了[尬笑]
天下第一纨绔,第1集,289851,0,[捂脸]群演那么多
天下第一纨绔,第1集,3066,7,这剧有意思吗
天下第一纨绔,第1集,64629,0,如烟大帝
天下第一纨绔,第1集,66541,0,如烟姓柳吗[爽][爽][爽]
天下第一纨绔,第1集,59927,0,如烟大帝
天下第一纨绔,第1集,30429,12,他演太监真的太出神了[捂脸][捂脸][捂脸]
天下第一纨绔,第1集,88417,0,柳如烟大帝
天下第一纨绔,第1集,69443,0,这是什么小国
天下第一纨绔,第1集,139510,0,星爷
天下第一纨绔,第1集,62278,0,如烟这个名字[捂脸][捂脸][捂脸][捂脸]
天下第一纨绔,第1集,89473,0,赵公子买单[捂脸][捂脸][捂脸][捂脸]
天下第一纨绔,第1集,201057,0,要你命后不能拿走玉佩？猪脑袋
天下第一纨绔,第1集,291870,0,好厉害
天下第一纨绔,第1集,172717,0,你自己还不是一样 哼
天下第一纨绔,第1集,61448,0,如烟大帝[捂脸][吐][捂脸][赞][吐][捂脸]
天下第一纨绔,第1集,170412,16,顾廷烨：捧杀，这我熟啊
天下第一纨绔,第1集,227704,0,男主这么厉害还装什么纨绔
天下第一纨绔,第1集,66999,0,如烟大帝
天下第一纨绔,第1集,62318,2,如烟太有名了，哪里都有如烟
天下第一纨绔,第1集,68066,3,每个短剧都有如烟
天下第一纨绔,第1集,19582,0,排行榜第一实至名归吗？
天下第一纨绔,第1集,38203,0,大伴专业户[笑哭]
天下第一纨绔,第1集,61509,0,依旧如烟大帝[笑哭]
天下第一纨绔,第1集,293701,0,子弹头
天下第一纨绔,第1集,29062,0,来个女孩谈恋爱[爱慕]
